1.111111111111111049e-01,0.000000000000000000e+00,1.111111111111111049e-01,0.000000000000000000e+00,-1.107869744300842285e-01,2.336222911253571510e-03,-6.260483711957931519e-02,1.091605145484209061e-02,1.928251585923135281e-03,7.924574892967939377e-04,2.161848917603492737e-02,3.423584625124931335e-02,-3.248859569430351257e-02,1.592791527509689331e-01,-1.308421604335308075e-03,-3.564366852515377104e-05,-3.634159802459180355e-04,-1.291875960305333138e-03,-9.789884835481643677e-02,-7.258954644203186035e-02,4.026359878480434418e-03,2.981751225888729095e-02,2.804424054920673370e-02,2.474824152886867523e-02,3.346306458115577698e-02,7.053816079860553145e-05,-1.034900695085525513e-01,4.876712709665298462e-02,8.758455514907836914e-02,9.505897760391235352e-02,-1.827831738410168327e-06,3.415075866541883443e-08,5.111562833189964294e-02,-2.172443317249417305e-03,-9.082181379199028015e-03,2.840080298483371735e-03,2.964975126087665558e-02,1.452726125717163086e-01,3.997107595205307007e-02,-1.386929601430892944e-01,1.158061549067497253e-01,9.404785186052322388e-02,5.362020432949066162e-02,4.491826891899108887e-02,6.897193193435668945e-02,1.689003431238234043e-03,-1.561606395989656448e-02,4.129008948802947998e-02,-9.063252061605453491e-02,-1.090482026338577271e-01,-6.174911279231309891e-03,3.117982298135757446e-02,-4.217934794723987579e-03,2.790598943829536438e-02,8.233097195625305176e-02,9.297899156808853149e-02,-1.313831955194473267e-01,1.440836489200592041e-01,1.462837010622024536e-01,6.064553186297416687e-02,-2.881617092498345301e-06,1.155240738626162056e-06,1.899155676364898682e-01,-4.274772852659225464e-02,-1.067352294921875000e-01,6.605827063322067261e-02,1.306796260178089142e-02,-4.494178667664527893e-02,4.679782316088676453e-02,-1.555989868938922882e-02,4.103016853332519531e-02,-4.773647710680961609e-02,2.332191914319992065e-01,1.343684643507003784e-01,-1.250575184822082520e-01,-1.612649112939834595e-01,-8.987853676080703735e-02,-1.033620536327362061e-02,-1.204681769013404846e-02,-2.596681751310825348e-02,-7.838653028011322021e-02,1.078780815005302429e-01,-1.207186877727508545e-01,-1.583850942552089691e-02,1.512114107608795166e-01,-1.457251980900764465e-02,-1.987712892059789738e-07,1.109447453018219676e-06,6.057258695363998413e-02,-7.408585399389266968e-02,3.601773083209991455e-02,5.041784420609474182e-02,-5.042606219649314880e-02,6.578278541564941406e-02,9.960787743330001831e-02,6.317003071308135986e-02,5.818477272987365723e-02,-8.187819272279739380e-02,-2.212943136692047119e-01,-3.031806834042072296e-02,-1.046114116907119751e-01,2.693375386297702789e-02,-2.278549820184707642e-01,4.264115914702415466e-02
1.111111111111111049e-01,0.000000000000000000e+00,2.222222222222222099e-01,0.000000000000000000e+00,-1.058318838477134705e-01,2.231674268841743469e-03,-8.643281459808349609e-02,1.507084071636199951e-02,-1.336542982608079910e-02,-5.494667682796716690e-03,2.984680980443954468e-02,4.726639017462730408e-02,-2.612349018454551697e-02,1.280739605426788330e-01,-7.548953406512737274e-03,-2.072085771942511201e-04,-2.096148673444986343e-03,-7.445943076163530350e-03,-1.155215874314308167e-01,-8.565636724233627319e-02,4.751248285174369812e-03,3.518475964665412903e-02,-9.419913403689861298e-03,-8.311431854963302612e-03,3.715300187468528748e-02,7.916897448012605309e-05,-1.149023994803428650e-01,5.414498597383499146e-02,6.412119418382644653e-02,6.959357857704162598e-02,-1.613975996406225022e-06,-2.276966881709086010e-08,3.102239780128002167e-02,-1.319942763075232506e-03,-5.512025672942399979e-03,1.723681110888719559e-03,1.923543214797973633e-02,9.424333274364471436e-02,3.721477091312408447e-02,-1.291284561157226562e-01,1.078201979398727417e-01,8.756256103515625000e-02,4.625738412141799927e-02,3.869033604860305786e-02,-2.215362153947353363e-02,-4.995194613002240658e-04,-1.347068883478641510e-02,3.561790660023689270e-02,-3.380492702126502991e-02,-4.067755490541458130e-02,-4.457622999325394630e-04,2.271196572110056877e-03,-3.068742807954549789e-04,2.031488344073295593e-03,5.351428687572479248e-02,6.043519824743270874e-02,-8.132052421569824219e-02,8.918440341949462891e-02,9.054569154977798462e-02,3.753747045993804932e-02,-3.106261374341556802e-06,8.619464324510772713e-07,1.102061197161674500e-01,-2.480568177998065948e-02,-6.193716078996658325e-02,3.833293169736862183e-02,-1.659286580979824066e-02,5.705521628260612488e-02,4.146254062652587891e-02,-1.378594897687435150e-02,3.635178506374359131e-02,-4.229345917701721191e-02,5.241291597485542297e-02,3.019699640572071075e-02,-2.616282366216182709e-02,-3.373774886131286621e-02,-3.284248337149620056e-02,-3.778931451961398125e-03,-4.401782993227243423e-03,-9.488734416663646698e-03,-1.761645823717117310e-02,2.424413338303565979e-02,-6.161415949463844299e-02,-8.084417320787906647e-03,5.048968270421028137e-02,-4.865911789238452911e-03,1.884940701302184607e-07,1.871916879281343427e-07,2.022580243647098541e-02,-2.473734505474567413e-02,1.721990481019020081e-02,2.410438470542430878e-02,2.958120778203010559e-02,-3.858745098114013672e-02,4.762103408575057983e-02,3.020106628537178040e-02,-1.822976209223270416e-02,2.565118484199047089e-02,8.078052662312984467e-03,1.105801784433424473e-03,2.122821751981973648e-03,-5.481877014972269535e-04,4.622456617653369904e-03,-8.647739887237548828e-04
1.111111111111111049e-01,0.000000000000000000e+00,3.333333333333333148e-01,0.000000000000000000e+00,-9.757916629314422607e-02,2.057633362710475922e-03,-1.015888452529907227e-01,1.771357469260692596e-02,-2.516777254641056061e-02,-1.034655701369047165e-02,3.508060425519943237e-02,5.555476248264312744e-02,-1.682649925351142883e-02,8.249454945325851440e-02,-1.187087874859571457e-02,-3.260802768636494875e-04,-3.296204144135117531e-03,-1.170776784420013428e-02,-1.093783453106880188e-01,-8.110136538743972778e-02,4.498588386923074722e-03,3.331362456083297729e-02,-3.499520570039749146e-02,-3.088014386594295502e-02,2.826990373432636261e-02,6.072204632801003754e-05,-8.743075281381607056e-02,4.119971394538879395e-02,2.560542896389961243e-02,2.779088541865348816e-02,-8.516738603248086292e-07,-8.989465527520223986e-08,6.778446957468986511e-03,-2.900885301642119884e-04,-1.204390078783035278e-03,3.766350564546883106e-04,7.369679864495992661e-03,3.610491007566452026e-02,2.221919409930706024e-02,-7.709581404924392700e-02,6.437382102012634277e-02,5.227914080023765564e-02,3.328809514641761780e-02,2.780948020517826080e-02,-6.134489178657531738e-02,-1.447272370569407940e-03,-9.693425148725509644e-03,2.563049271702766418e-02,1.876578480005264282e-02,2.257585711777210236e-02,9.730571182444691658e-04,-4.904398228973150253e-03,6.638798513449728489e-04,-4.390796646475791931e-03,7.490020245313644409e-03,8.458399213850498199e-03,-2.303409855812788010e-03,2.528533805161714554e-03,2.566574607044458389e-03,1.063716947101056576e-03,-2.070059963443782181e-06,6.305387501015502494e-07,1.706241816282272339e-02,-3.840335411950945854e-03,-9.589122608304023743e-03,5.934761371463537216e-03,-2.203200757503509521e-02,7.576475292444229126e-02,2.210028842091560364e-02,-7.348009850829839706e-03,1.937569305300712585e-02,-2.254235185682773590e-02,-4.467556625604629517e-02,-2.574110962450504303e-02,2.165992977097630501e-03,2.791180275380611420e-03,4.135273396968841553e-02,4.753832705318927765e-03,5.542047321796417236e-03,1.194702461361885071e-02,1.501600164920091629e-02,-2.066526189446449280e-02,3.901822865009307861e-02,5.121105816215276718e-03,2.814799174666404724e-02,-2.710049506276845932e-03,-8.516711318407033104e-07,-1.150152826312478282e-07,1.127528585493564606e-02,-1.378955971449613571e-02,-1.072344649583101273e-02,-1.501095946878194809e-02,4.204948991537094116e-02,-5.485225841403007507e-02,-2.965857461094856262e-02,-1.880934275686740875e-02,-1.356754172593355179e-02,1.909556239843368530e-02,3.021908923983573914e-02,4.139325115829706192e-03,3.381556645035743713e-02,-8.707204833626747131e-03,7.365513592958450317e-02,-1.378385722637176514e-02
1.111111111111111049e-01,0.000000000000000000e+00,4.444444444444444198e-01,0.000000000000000000e+00,-8.631914108991622925e-02,1.820179750211536884e-03,-1.067197173833847046e-01,1.860824041068553925e-02,-3.226162493228912354e-02,-1.326269470155239105e-02,3.685249388217926025e-02,5.836074054241180420e-02,-6.904433015733957291e-03,3.385039418935775757e-02,-1.393777877092361450e-02,-3.830417699646204710e-04,-3.870062762871384621e-03,-1.374575775116682053e-02,-8.728281408548355103e-02,-6.471788883209228516e-02,3.589842934161424637e-03,2.658390998840332031e-02,-4.620883986353874207e-02,-4.077550023794174194e-02,1.034474652260541916e-02,2.270742152177263051e-05,-3.199451416730880737e-02,1.507672853767871857e-02,-1.547278929501771927e-02,-1.679285243153572083e-02,2.143969197732076282e-07,-1.985149253869167296e-07,-1.640171930193901062e-02,6.951222312636673450e-04,2.914074808359146118e-03,-9.114081622101366520e-04,3.054527565836906433e-03,1.496265362948179245e-02,3.697508480399847031e-03,-1.282890606671571732e-02,1.071182545274496078e-02,8.699306286871433258e-03,4.147071391344070435e-02,3.466906026005744934e-02,-4.524911195039749146e-02,-1.055818749591708183e-03,-1.207680162042379379e-02,3.193198516964912415e-02,5.027481541037559509e-02,6.048840284347534180e-02,-1.632550847716629505e-03,8.224789984524250031e-03,-1.112209516577422619e-03,7.360073272138834000e-03,-1.897113025188446045e-02,-2.142488397657871246e-02,4.856574907898902893e-02,-5.325841158628463745e-02,-5.407239124178886414e-02,-2.241719141602516174e-02,-1.573069425830908585e-06,8.286855859296338167e-07,-3.914119303226470947e-02,8.809718303382396698e-03,2.199791371822357178e-02,-1.361442543566226959e-02,-1.731113716959953308e-02,5.953437834978103638e-02,1.177394669502973557e-02,-3.914342261850833893e-03,1.032168045639991760e-02,-1.200836710631847382e-02,-5.290285870432853699e-02,-3.048317506909370422e-02,-4.376638308167457581e-02,-5.644353851675987244e-02,8.236931264400482178e-02,9.471474215388298035e-03,1.103844959288835526e-02,2.379719167947769165e-02,1.778162829577922821e-02,-2.447091601788997650e-02,1.120427101850509644e-01,1.470656972378492355e-02,1.126552298665046692e-01,-1.084942463785409927e-02,-2.468885668349685147e-06,2.926420279436570127e-07,4.512627422809600830e-02,-5.519076809287071228e-02,-2.767659537494182587e-02,-3.874259069561958313e-02,3.743182122707366943e-02,-4.882765933871269226e-02,-7.654607295989990234e-02,-4.854544624686241150e-02,8.222370408475399017e-03,-1.156491599977016449e-02,2.269357442855834961e-02,3.107700962573289871e-03,5.990798119455575943e-03,-1.542506273835897446e-03,1.304595265537500381e-02,-2.441317774355411530e-03
1.111111111111111049e-01,0.000000000000000000e+00,5.555555555555555802e-01,0.000000000000000000e+00,-7.242011278867721558e-02,1.527116750366985798e-03,-1.013986617326736450e-01,1.768045499920845032e-02,-3.412085771560668945e-02,-1.402698643505573273e-02,3.501509130001068115e-02,5.545087531208992004e-02,1.366599462926387787e-03,-6.699522491544485092e-03,-1.384053193032741547e-02,-3.804469015449285507e-04,-3.843033220618963242e-03,-1.364950276911258698e-02,-5.890003591775894165e-02,-4.367276281118392944e-02,2.422503894194960594e-03,1.793929748237133026e-02,-4.525825008749961853e-02,-3.993656858801841736e-02,-9.483664296567440033e-03,-1.941909431479871273e-05,2.932805754244327545e-02,-1.381998136639595032e-02,-4.743669182062149048e-02,-5.148415639996528625e-02,1.222200921802141238e-06,-4.724117843579733744e-07,-3.405915200710296631e-02,1.445857691578567028e-03,6.051284726709127426e-03,-1.892572385258972645e-03,8.276658132672309875e-03,4.054969176650047302e-02,-1.114117167890071869e-02,3.865826502442359924e-02,-3.227941319346427917e-02,-2.621465735137462616e-02,7.491154223680496216e-02,6.268913298845291138e-02,4.394472576677799225e-03,1.566674036439508200e-04,-2.181628532707691193e-02,5.768346786499023438e-02,5.958500877022743225e-02,7.168833166360855103e-02,-5.437553394585847855e-03,2.741462737321853638e-02,-3.707991680130362511e-03,2.453493699431419373e-02,-1.381047070026397705e-02,-1.559638138860464096e-02,4.103087261319160461e-02,-4.499258100986480713e-02,-4.568136855959892273e-02,-1.893875002861022949e-02,-1.072627128451131284e-06,7.718480219409684651e-07,-5.739745870232582092e-02,1.291824690997600555e-02,3.225785866379737854e-02,-1.996421627700328827e-02,-9.470939636230468750e-03,3.257140517234802246e-02,7.886617444455623627e-03,-2.621710300445556641e-03,6.913417950272560120e-03,-8.043171837925910950e-03,-2.796263992786407471e-02,-1.611515507102012634e-02,-8.294461667537689209e-02,-1.069667190313339233e-01,5.911229178309440613e-02,6.797509733587503433e-03,7.921076379716396332e-03,1.707798428833484650e-02,9.399153292179107666e-03,-1.293458230793476105e-02,1.208759695291519165e-01,1.586754992604255676e-02,1.823852211236953735e-01,-1.756717637181282043e-02,-3.128110847683274187e-06,7.366337513303733431e-07,7.305841147899627686e-02,-8.935325592756271362e-02,-3.049533627927303314e-02,-4.268920794129371643e-02,1.390703022480010986e-02,-1.814034208655357361e-02,-8.434362709522247314e-02,-5.349043384194374084e-02,-1.583068748004734516e-03,2.227320568636059761e-03,4.482228308916091919e-02,6.139509379863739014e-03,-3.046012856066226959e-02,7.841846905648708344e-03,-6.635398417711257935e-02,1.241777744144201279e-02
1.111111111111111049e-01,0.000000000000000000e+00,6.666666666666666297e-01,0.000000000000000000e+00,-5.632073804736137390e-02,1.187625690363347530e-03,-8.618476986885070801e-02,1.502769533544778824e-02,-3.088327869772911072e-02,-1.269602309912443161e-02,2.976145967841148376e-02,4.713103920221328735e-02,6.305356044322252274e-03,-3.091237507760524750e-02,-1.192973740398883820e-02,-3.279955999460071325e-04,-3.312418702989816666e-03,-1.176488120108842850e-02,-3.284049406647682190e-02,-2.435029484331607819e-02,1.350713195279240608e-03,1.000235509127378464e-02,-3.659462556242942810e-02,-3.229138255119323730e-02,-2.336939424276351929e-02,-4.903654189547523856e-05,7.227194309234619141e-02,-3.405618295073509216e-02,-6.209591031074523926e-02,-6.739386916160583496e-02,1.900458755699219182e-06,-7.174692768785462249e-07,-4.211329668760299683e-02,1.788402674719691277e-03,7.482323795557022095e-03,-2.340203383937478065e-03,1.724223420023918152e-02,8.447844535112380981e-02,-1.840944588184356689e-02,6.387744843959808350e-02,-5.333724245429039001e-02,-4.331615567207336426e-02,1.110047921538352966e-01,9.292822331190109253e-02,5.374017357826232910e-02,1.363865914754569530e-03,-3.232816234230995178e-02,8.547712862491607666e-02,5.321593582630157471e-02,6.402034312486648560e-02,-7.717944215983152390e-03,3.892293944954872131e-02,-5.264539737254381180e-03,3.483447432518005371e-02,9.382030926644802094e-03,1.059652678668498993e-02,-7.839139550924301147e-03,8.606131188571453094e-03,8.734239265322685242e-03,3.620160045102238655e-03,-8.932091333235803177e-08,1.393186863651862950e-07,-5.507751181721687317e-02,1.239576376974582672e-02,3.095372766256332397e-02,-1.915711723268032074e-02,-3.254399634897708893e-04,1.117200008593499660e-03,1.275466289371252060e-03,-4.238231340423226357e-04,1.117923646233975887e-03,-1.300521427765488625e-03,-7.772056385874748230e-03,-4.481025505810976028e-03,-5.771299451589584351e-02,-7.442690432071685791e-02,-9.636423550546169281e-03,-1.108088530600070953e-03,-1.292338129132986069e-03,-2.784225391224026680e-03,2.612717449665069580e-03,-3.595221322029829025e-03,6.516024470329284668e-02,8.554219268262386322e-03,1.397670507431030273e-01,-1.346297189593315125e-02,-2.346258952456992120e-06,4.776198920808383264e-07,5.598682910203933716e-02,-6.847425550222396851e-02,-2.349847182631492615e-02,-3.289550542831420898e-02,-2.773071825504302979e-02,3.617329150438308716e-02,-6.499180197715759277e-02,-4.121733456850051880e-02,-4.498491436243057251e-02,6.329156458377838135e-02,3.794601187109947205e-02,5.199004430323839188e-03,-2.441637963056564331e-02,6.283713504672050476e-03,-5.318726599216461182e-02,9.954013861715793610e-03
1.111111111111111049e-01,0.000000000000000000e+00,7.777777777777776791e-01,0.000000000000000000e+00,-3.851765021681785583e-02,8.122067665681242943e-04,-6.257961690425872803e-02,1.091175340116024017e-02,-2.327126078307628632e-02,-9.566749446094036102e-03,2.161008864641189575e-02,3.422234207391738892e-02,7.237731479108333588e-03,-3.548358380794525146e-02,-8.671042509377002716e-03,-2.384493855061009526e-04,-2.407589228823781013e-03,-8.551125414669513702e-03,-1.439400110393762589e-02,-1.067269314080476761e-02,5.920033436268568039e-04,4.384078551083803177e-03,-2.460535243153572083e-02,-2.171168103814125061e-02,-2.598956413567066193e-02,-5.480573236127384007e-05,8.037576824426651001e-02,-3.787496313452720642e-02,-5.648566409945487976e-02,-6.130463629961013794e-02,1.872058192020631395e-06,-7.058231403789250180e-07,-3.804711252450942993e-02,1.615885761566460133e-03,6.759935524314641953e-03,-2.114245202392339706e-03,2.109713666141033173e-02,1.033667176961898804e-01,-1.757836528122425079e-02,6.099379062652587891e-02,-5.092943459749221802e-02,-4.136068373918533325e-02,1.172630265355110168e-01,9.817909449338912964e-02,7.305286079645156860e-02,1.830937340855598450e-03,-3.415099531412124634e-02,9.029636532068252563e-02,3.836258873343467712e-02,4.614602401852607727e-02,-7.249337621033191681e-03,3.656606748700141907e-02,-4.945615772157907486e-03,3.272497653961181641e-02,2.657389640808105469e-02,3.001238964498043060e-02,-4.956275969743728638e-02,5.436557158827781677e-02,5.519174784421920776e-02,2.288007177412509918e-02,1.056045334735244978e-06,-5.597908625531999860e-07,-4.344903677701950073e-02,9.778658859431743622e-03,2.441838756203651428e-02,-1.511229574680328369e-02,6.531668361276388168e-03,-2.246621623635292053e-02,-6.770844571292400360e-03,2.251054858788847923e-03,-5.935685243457555771e-03,6.905845832079648972e-03,-8.242372859967872500e-05,-4.783063923241570592e-05,2.738187089562416077e-03,3.531598718836903572e-03,-6.561811268329620361e-02,-7.545680738985538483e-03,-8.794272318482398987e-03,-1.895791850984096527e-02,2.787377343338448554e-05,-3.842077421722933650e-05,-6.020006258040666580e-03,-7.904393714852631092e-04,2.975954301655292511e-02,-2.866824390366673470e-03,-8.358927061635768041e-07,-2.008051325219639693e-07,1.192071568220853806e-02,-1.457980088889598846e-02,-1.320472732186317444e-02,-1.848582550883293152e-02,-5.815453082323074341e-02,7.585885375738143921e-02,-3.651959449052810669e-02,-2.316045388579368591e-02,-8.089417964220046997e-02,1.138168200850486755e-01,-1.020656712353229523e-02,-1.396541367284953594e-03,1.555192749947309494e-02,-4.008784424513578415e-03,3.387772664427757263e-02,-6.339264102280139923e-03
1.111111111111111049e-01,0.000000000000000000e+00,8.888888888888888395e-01,0.000000000000000000e+00,-1.955310069024562836e-02,4.122910613659769297e-04,-3.288816288113594055e-02,5.734563805162906647e-03,-1.247325353324413300e-02,-5.127684213221073151e-03,1.135701034218072891e-02,1.798527128994464874e-02,4.643935710191726685e-03,-2.276716940104961395e-02,-4.544890951365232468e-03,-1.249972265213727951e-04,-1.261943951249122620e-03,-4.482024814933538437e-03,-4.474609624594449997e-03,-3.317740513011813164e-03,1.840172481024637818e-04,1.362881623208522797e-03,-1.211154460906982422e-02,-1.068707089871168137e-02,-1.674498431384563446e-02,-3.535413270583376288e-05,5.178599432110786438e-02,-2.440279908478260040e-02,-3.330682218074798584e-02,-3.614817559719085693e-02,1.212263782690570224e-06,-4.756209079914697213e-07,-2.252815850079059601e-02,9.568111272528767586e-04,4.002665635198354721e-03,-1.251886133104562759e-03,1.460200734436511993e-02,7.154408842325210571e-02,-1.045525725930929184e-02,3.627805039286613464e-02,-3.029197640717029572e-02,-2.460059896111488342e-02,7.622075080871582031e-02,6.381881982088088989e-02,5.099524557590484619e-02,1.274248352274298668e-03,-2.219819650053977966e-02,5.869255959987640381e-02,1.981305517256259918e-02,2.383042685687541962e-02,-4.307711031287908554e-03,2.173073962330818176e-02,-2.939024241641163826e-03,1.944783516228199005e-02,2.231682091951370239e-02,2.520432509481906891e-02,-4.564148560166358948e-02,5.006198957562446594e-02,5.082361400127410889e-02,2.106947079300880432e-02,1.064743855749838986e-06,-6.576385089829273056e-07,-2.456662058830261230e-02,5.528967827558517456e-03,1.380640268325805664e-02,-8.544645272195339203e-03,6.523313000798225403e-03,-2.243650890886783600e-02,-7.806625217199325562e-03,2.595332683995366096e-03,-6.843683775514364243e-03,7.962322793900966644e-03,7.901645149104297161e-04,4.562763206195086241e-04,2.834735624492168427e-02,3.655709326267242432e-02,-6.053584814071655273e-02,-6.961197126656770706e-03,-8.112800307571887970e-03,-1.748949661850929260e-02,-2.655934949871152639e-04,3.652632003650069237e-04,-3.078508004546165466e-02,-4.041781183332204819e-03,-2.888437919318675995e-02,2.782189985737204552e-03,1.947763905718602473e-08,-4.679890253100893460e-07,-1.157042942941188812e-02,1.415089052170515060e-02,-5.007434170693159103e-03,-7.010266184806823730e-03,-4.761931300163269043e-02,6.211620569229125977e-02,-1.384708844125270844e-02,-8.781842887401580811e-03,-6.548894196748733521e-02,9.214296936988830566e-02,-3.372121974825859070e-02,-4.618197679519653320e-03,3.138032928109169006e-02,-8.083303458988666534e-03,6.835713982582092285e-02,-1.279190741479396820e-02
2.222222222222222099e-01,0.000000000000000000e+00,2.222222222222222099e-01,0.000000000000000000e+00,-1.042046248912811279e-01,2.197307534515857697e-03,-1.151420399546623230e-01,2.007673867046833038e-02,-4.226068407297134399e-02,-1.737339980900287628e-02,3.976071998476982117e-02,6.296628713607788086e-02,-2.435362152755260468e-02,1.193974018096923828e-01,-2.518695220351219177e-02,-6.919457809999585152e-04,-6.993601564317941666e-03,-2.484037354588508606e-02,-1.431912630796432495e-01,-1.061727553606033325e-01,5.889327730983495712e-03,4.361211881041526794e-02,-6.224408373236656189e-02,-5.492493510246276855e-02,5.227894335985183716e-02,1.124202826758846641e-04,-1.616826504468917847e-01,7.618906348943710327e-02,7.123283296823501587e-02,7.731639593839645386e-02,-1.741930418575066142e-06,-4.185006616808095714e-07,-1.229596231132745743e-02,5.134101957082748413e-04,2.183972392231225967e-03,-6.829272606410086155e-04,1.801920495927333832e-02,8.828169852495193481e-02,4.331952705979347229e-02,-1.503113359212875366e-01,1.255074441432952881e-01,1.019270494580268860e-01,4.507396370172500610e-02,3.762127459049224854e-02,-1.293854862451553345e-01,-3.069689963012933731e-03,-1.312438584864139557e-02,3.470245376229286194e-02,-1.329205185174942017e-02,-1.600155979394912720e-02,1.265836600214242935e-02,-6.381918489933013916e-02,8.634766563773155212e-03,-5.712310224771499634e-02,7.055106759071350098e-02,7.967518270015716553e-02,-8.428250253200531006e-02,9.243520349264144897e-02,9.384670108556747437e-02,3.890547901391983032e-02,-4.314963462093146518e-06,6.864785859761468600e-07,5.790054798126220703e-02,-1.303125172853469849e-02,-3.254055231809616089e-02,2.013952285051345825e-02,-4.586257413029670715e-02,1.577002406120300293e-01,5.524137243628501892e-02,-1.836711727082729340e-02,4.843193292617797852e-02,-5.634843558073043823e-02,-1.013582274317741394e-01,-5.839864164590835571e-02,4.450321570038795471e-02,5.738836526870727539e-02,-4.956400766968727112e-02,-5.704373586922883987e-03,-6.641556974500417709e-03,-1.432015746831893921e-02,3.406680002808570862e-02,-4.688423499464988708e-02,-1.033501029014587402e-01,-1.356385461986064911e-02,-3.830564022064208984e-02,3.689333098009228706e-03,2.071817107207607478e-06,-4.909662152385863010e-07,-1.534298155456781387e-02,1.876648701727390289e-02,2.959791570901870728e-02,4.143164306879043579e-02,7.886918634176254272e-02,-1.028848737478256226e-01,8.185514807701110840e-02,5.191309377551078796e-02,-8.260711282491683960e-02,1.162374988198280334e-01,2.351007461547851562e-01,3.220761939883232117e-02,5.953330919146537781e-02,-1.533057820051908493e-02,1.296621412038803101e-01,-2.426456846296787262e-02
2.222222222222222099e-01,0.000000000000000000e+00,3.333333333333333148e-01,0.000000000000000000e+00,-9.589392691850662231e-02,2.022077096626162529e-03,-1.276181042194366455e-01,2.225218713283538818e-02,-6.203593686223030090e-02,-2.550288289785385132e-02,4.406910389661788940e-02,6.978912651538848877e-02,-1.513150148093700409e-02,7.418483495712280273e-02,-3.703962638974189758e-02,-1.017891219817101955e-03,-1.028476376086473465e-02,-3.652929514646530151e-02,-1.167119964957237244e-01,-8.653903007507324219e-02,4.800253082066774368e-03,3.554727509617805481e-02,-8.389242738485336304e-02,-7.402857393026351929e-02,4.328325763344764709e-02,9.357804810861125588e-05,-1.338623613119125366e-01,6.307941675186157227e-02,3.794657438993453979e-02,4.119110107421875000e-02,-7.503510346396069508e-07,-4.724051905213855207e-07,-4.875187948346138000e-02,2.060143044218420982e-03,8.661242201924324036e-03,-2.708434592932462692e-03,3.344088327139616013e-03,1.638074405491352081e-02,2.030414901673793793e-02,-7.045158743858337402e-02,5.882594734430313110e-02,4.777383804321289062e-02,6.882481276988983154e-03,5.663247313350439072e-03,-1.301662623882293701e-01,-3.114266321063041687e-03,-2.002407098188996315e-03,5.294519942253828049e-03,1.982948370277881622e-02,2.385340072214603424e-02,1.444896217435598373e-02,-7.287116348743438721e-02,9.859167970716953278e-03,-6.522419303655624390e-02,1.449231803417205811e-02,1.636641100049018860e-02,-6.197237875312566757e-03,6.799018941819667816e-03,6.903325207531452179e-03,2.861575223505496979e-03,-6.045705731594352983e-07,-2.786508730423520319e-07,-5.300361663103103638e-02,1.193179842084646225e-02,2.978881448507308960e-02,-1.843622140586376190e-02,-2.029336430132389069e-02,6.978115439414978027e-02,8.084696717560291290e-03,-2.687786007300019264e-03,7.088139187544584274e-03,-8.246629498898983002e-03,-1.215633377432823181e-01,-7.003851234912872314e-02,5.589872971177101135e-02,7.208322733640670776e-02,-4.173525143414735794e-03,-4.816630389541387558e-04,-5.584041355177760124e-04,-1.206015353091061115e-03,4.085828363895416260e-02,-5.623026192188262939e-02,3.195670899003744125e-03,4.169479943811893463e-04,-7.364908605813980103e-02,7.096967194229364395e-03,9.382922030454210471e-07,-5.714261988032376394e-07,-2.950236573815345764e-02,3.608345985412597656e-02,-9.870196226984262466e-04,-1.380852656438946724e-03,5.159934982657432556e-03,-6.732149980962276459e-03,-2.726971171796321869e-03,-1.729229115881025791e-03,-1.678153127431869507e-02,2.361387386918067932e-02,7.706004381179809570e-02,1.055767294019460678e-02,2.158318646252155304e-02,-5.556844174861907959e-03,4.700902476906776428e-02,-8.797447197139263153e-03
2.222222222222222099e-01,0.000000000000000000e+00,4.444444444444444198e-01,0.000000000000000000e+00,-8.469492942094802856e-02,1.785968663170933723e-03,-1.292924582958221436e-01,2.254414558410644531e-02,-7.255530357360839844e-02,-2.982735633850097656e-02,4.464740306138992310e-02,7.070489227771759033e-02,-5.443973001092672348e-03,2.669043466448783875e-02,-4.308007284998893738e-02,-1.183977350592613220e-03,-1.196187362074851990e-02,-4.248601943254470825e-02,-7.581138610839843750e-02,-5.621210113167762756e-02,3.118040505796670914e-03,2.309011854231357574e-02,-8.036761730909347534e-02,-7.091850042343139648e-02,2.477394230663776398e-02,5.410968151409178972e-05,-7.661899924278259277e-02,3.610479086637496948e-02,2.869249437935650349e-04,3.170695563312619925e-04,4.581388566293753684e-07,-5.621900527330581099e-07,-6.413560360670089722e-02,2.715158509090542793e-03,1.139453332871198654e-02,-3.563234116882085800e-03,-3.041531657800078392e-03,-1.490446180105209351e-02,-2.556605497375130653e-03,8.871510624885559082e-03,-7.407569792121648788e-03,-6.015643477439880371e-03,4.681381862610578537e-03,3.869520034641027451e-03,-6.560032069683074951e-02,-1.568427891470491886e-03,-1.362480339594185352e-03,3.602278651669621468e-03,3.966374322772026062e-02,4.772014543414115906e-02,6.838577333837747574e-03,-3.450099751353263855e-02,4.667987115681171417e-03,-3.088065981864929199e-02,-1.304425392299890518e-02,-1.473122090101242065e-02,3.325675427913665771e-02,-3.646951168775558472e-02,-3.702647984027862549e-02,-1.535035204142332077e-02,6.234153602235892322e-07,-3.688724348194227787e-08,-8.936575800180435181e-02,2.011556923389434814e-02,5.022464320063591003e-02,-3.108389861881732941e-02,-5.908528110012412071e-04,2.034707693383097649e-03,-9.546359069645404816e-03,3.174471436068415642e-03,-8.369964547455310822e-03,9.738196618854999542e-03,-5.042869225144386292e-02,-2.905563078820705414e-02,-9.679934941232204437e-03,-1.248539984226226807e-02,4.054762050509452820e-02,4.663249943405389786e-03,5.433990620076656342e-03,1.171463914215564728e-02,1.694976538419723511e-02,-2.332638576626777649e-02,8.259408921003341675e-02,1.083980686962604523e-02,4.251464083790779114e-02,-4.093358758836984634e-03,-1.207249624712858349e-06,1.687974986452900339e-07,1.702971197664737701e-02,-2.082756347954273224e-02,-2.115689963102340698e-02,-2.961596474051475525e-02,6.935051351319998503e-05,-9.048874926520511508e-05,-5.851219967007637024e-02,-3.710823878645896912e-02,1.018116623163223267e-02,-1.432560477405786514e-02,1.972152106463909149e-02,2.700868062674999237e-03,-2.063333429396152496e-02,5.312339402735233307e-03,-4.494616389274597168e-02,8.411101996898651123e-03
2.222222222222222099e-01,0.000000000000000000e+00,5.555555555555555802e-01,0.000000000000000000e+00,-7.096849381923675537e-02,1.496461685746908188e-03,-1.199559569358825684e-01,2.091621607542037964e-02,-7.320933043956756592e-02,-3.009618259966373444e-02,4.142337292432785034e-02,6.559912860393524170e-02,2.500519622117280960e-03,-1.225878391414880753e-02,-4.313110187649726868e-02,-1.185518922284245491e-03,-1.197594869881868362e-02,-4.253610223531723022e-02,-3.430271893739700317e-02,-2.543438225984573364e-02,1.410769531503319740e-03,1.044774986803531647e-02,-6.119231507182121277e-02,-5.399764329195022583e-02,3.714792430400848389e-03,8.959254955698270351e-06,-1.148961298167705536e-02,5.414153914898633957e-03,-3.102906234562397003e-02,-3.367279842495918274e-02,1.450351078347011935e-06,-6.023541345712146722e-07,-6.283054500818252563e-02,2.662905724719166756e-03,1.116284169256687164e-02,-3.490929957479238510e-03,1.422370551154017448e-03,6.967899389564990997e-03,-1.829425990581512451e-02,6.347830593585968018e-02,-5.300353839993476868e-02,-4.304515197873115540e-02,4.552090167999267578e-02,3.810848295688629150e-02,2.193333022296428680e-02,5.570122157223522663e-04,-1.325725857168436050e-02,3.505268320441246033e-02,5.459516867995262146e-02,6.568225473165512085e-02,-4.130734596401453018e-03,2.082124911248683929e-02,-2.816308289766311646e-03,1.863487996160984039e-02,1.556107890792191029e-03,1.758056925609707832e-03,1.665758714079856873e-02,-1.826108433306217194e-02,-1.854200847446918488e-02,-7.687589153647422791e-03,-3.395673218165029539e-07,4.153324084654741455e-07,-8.564570546150207520e-02,1.927692443132400513e-02,4.813375324010848999e-02,-2.978962473571300507e-02,6.343202665448188782e-03,-2.180784195661544800e-02,3.713416517712175846e-04,-1.230009220307692885e-04,3.249164146836847067e-04,-3.779825055971741676e-04,6.058160215616226196e-03,3.488110844045877457e-03,-5.700337141752243042e-02,-7.351227849721908569e-02,6.172006949782371521e-02,7.098636589944362640e-03,8.270691148936748505e-03,1.783167943358421326e-02,-2.035829704254865646e-03,2.802079543471336365e-03,1.055202707648277283e-01,1.385117601603269577e-02,1.336202621459960938e-01,-1.287059392780065536e-02,-2.297988430655095726e-06,5.854615210409974679e-07,5.352469161152839661e-02,-6.546251475811004639e-02,-2.611283585429191589e-02,-3.655444458127021790e-02,1.048521231859922409e-02,-1.367740239948034286e-02,-7.222215831279754639e-02,-4.580264911055564880e-02,-2.751842839643359184e-03,3.870461136102676392e-03,6.119691953063011169e-02,8.382269181311130524e-03,-4.712950438261032104e-02,1.213288679718971252e-02,-1.026647314429283142e-01,1.921253278851509094e-02
2.222222222222222099e-01,0.000000000000000000e+00,6.666666666666666297e-01,0.000000000000000000e+00,-5.513901636004447937e-02,1.162736560218036175e-03,-1.003528162837028503e-01,1.749807782471179962e-02,-6.448105722665786743e-02,-2.650791592895984650e-02,3.465399891138076782e-02,5.487893149256706238e-02,7.093864958733320236e-03,-3.477825969457626343e-02,-3.769356757402420044e-02,-1.036102417856454849e-03,-1.046607550233602524e-02,-3.717342391610145569e-02,-3.313734428957104683e-03,-2.456882735714316368e-03,1.361946488032117486e-04,1.009410247206687927e-03,-3.763087466359138489e-02,-3.320623189210891724e-02,-1.224467717111110687e-02,-2.535550083848647773e-05,3.786813840270042419e-02,-1.784441806375980377e-02,-4.772950708866119385e-02,-5.179982632398605347e-02,1.921166813190211542e-06,-5.638703441945835948e-07,-5.135016143321990967e-02,2.178368158638477325e-03,9.123354218900203705e-03,-2.853209851309657097e-03,1.094171311706304550e-02,5.360931530594825745e-02,-2.429450117051601410e-02,8.429823815822601318e-02,-7.038798928260803223e-02,-5.716342851519584656e-02,9.862526506185531616e-02,8.259572088718414307e-02,8.964441716670989990e-02,2.215860644355416298e-03,-2.872367575764656067e-02,7.594636082649230957e-02,6.424325704574584961e-02,7.728398591279983521e-02,-1.235125027596950531e-02,6.228624284267425537e-02,-8.425634354352951050e-03,5.574703961610794067e-02,3.797312825918197632e-02,4.288601130247116089e-02,-3.304851427674293518e-02,3.625730797648429871e-02,3.680636733770370483e-02,1.525772921741008759e-02,-1.539954155305167660e-06,3.316858681046142010e-07,-7.423929870128631592e-02,1.670875586569309235e-02,4.172329977154731750e-02,-2.582208067178726196e-02,7.877903059124946594e-03,-2.708586864173412323e-02,1.643102057278156281e-02,-5.462910979986190796e-03,1.440545171499252319e-02,-1.676001772284507751e-02,2.448450215160846710e-02,1.410570647567510605e-02,-3.270832449197769165e-02,-4.218062758445739746e-02,5.022307857871055603e-02,5.776461679488420486e-03,6.730087567120790482e-03,1.451007649302482605e-02,-8.229256607592105865e-03,1.132535748183727264e-02,5.365209653973579407e-02,7.043146062642335892e-03,8.305650949478149414e-02,-8.000677451491355896e-03,-1.496006802881311160e-06,3.407971007618471049e-07,3.327035903930664062e-02,-4.069085419178009033e-02,-1.399340573698282242e-02,-1.958935149013996124e-02,-1.110188779421150684e-03,1.448080292902886868e-03,-3.870365023612976074e-02,-2.454514428973197937e-02,-2.633564919233322144e-02,3.705286979675292969e-02,6.496011465787887573e-02,8.898889645934104919e-03,-3.468434885144233704e-02,8.927686139941215515e-03,-7.555538415908813477e-02,1.413950510323047638e-02
2.222222222222222099e-01,0.000000000000000000e+00,7.777777777777776791e-01,0.000000000000000000e+00,-3.768417611718177795e-02,7.946187397465109825e-04,-7.212796807289123535e-02,1.257663592696189880e-02,-4.781198874115943909e-02,-1.965534687042236328e-02,2.490730583667755127e-02,3.944394737482070923e-02,7.715322077274322510e-03,-3.782511129975318909e-02,-2.776929922401905060e-02,-7.633608765900135040e-04,-7.710431236773729324e-03,-2.738603018224239349e-02,1.138671766966581345e-02,8.443135768175125122e-03,-4.684143932536244392e-04,-3.468031063675880432e-03,-1.826548017561435699e-02,-1.611756905913352966e-02,-1.787049695849418640e-02,-3.766398731386289001e-05,5.526718124747276306e-02,-2.604327723383903503e-02,-4.608780145645141602e-02,-5.001918971538543701e-02,1.900406118693354074e-06,-5.132603746460517868e-07,-3.520625457167625427e-02,1.494755619205534458e-03,6.255195941776037216e-03,-1.956321299076080322e-03,1.636552065610885620e-02,8.018408715724945068e-02,-2.139113098382949829e-02,7.422367483377456665e-02,-6.197595968842506409e-02,-5.033190920948982239e-02,1.190943643450737000e-01,9.973776340484619141e-02,1.082794517278671265e-01,2.676373114809393883e-03,-3.468518704175949097e-02,9.170851111412048340e-02,6.046256050467491150e-02,7.273132354021072388e-02,-1.414676010608673096e-02,7.134745270013809204e-02,-9.651321917772293091e-03,6.385694444179534912e-02,6.043560057878494263e-02,6.825418025255203247e-02,-6.856705248355865479e-02,7.521293312311172485e-02,7.635580748319625854e-02,3.165360167622566223e-02,-1.875510861282236874e-06,-5.627881449754568166e-08,-6.085627153515815735e-02,1.369631756097078323e-02,3.420192003250122070e-02,-2.116706967353820801e-02,8.282008580863475800e-03,-2.847642637789249420e-02,2.222557552158832550e-02,-7.389980368316173553e-03,1.948641985654830933e-02,-2.267154864966869354e-02,2.088274993002414703e-02,1.203323993831872940e-02,2.520609274506568909e-02,3.250635042786598206e-02,2.281810529530048370e-02,2.624889137223362923e-03,3.058013040572404861e-03,6.592431571334600449e-03,-7.018949370831251144e-03,9.659457951784133911e-03,-2.386979758739471436e-02,-3.133531659841537476e-03,-3.966254740953445435e-02,3.820235142484307289e-03,1.774497206952219130e-07,-3.673432331652293215e-07,-1.588769443333148956e-02,1.943118497729301453e-02,3.561198012903332710e-03,4.984961356967687607e-03,-2.079379372298717499e-02,2.712427265942096710e-02,9.849648922681808472e-03,6.246645003557205200e-03,-3.691644594073295593e-02,5.194071307778358459e-02,6.828299257904291153e-03,9.363762219436466694e-04,5.414414685219526291e-03,-1.396388979628682137e-03,1.179446559399366379e-02,-2.206782810389995575e-03
2.222222222222222099e-01,0.000000000000000000e+00,8.888888888888888395e-01,0.000000000000000000e+00,-1.912230066955089569e-02,4.032332217320799828e-04,-3.768991306424140930e-02,6.571804638952016830e-03,-2.540729567408561707e-02,-1.044483296573162079e-02,1.301512308418750763e-02,2.061108872294425964e-02,4.864003043621778488e-03,-2.384615503251552582e-02,-1.469435729086399078e-02,-4.039349441882222891e-04,-4.080061335116624832e-03,-1.449150871485471725e-02,1.042020972818136215e-02,7.726437412202358246e-03,-4.286377225071191788e-04,-3.173663746565580368e-03,-6.416662130504846573e-03,-5.661983508616685867e-03,-1.244651712477207184e-02,-2.635625605762470514e-05,3.849280998110771179e-02,-1.813877560198307037e-02,-2.791358530521392822e-02,-3.029486164450645447e-02,1.129438032876350917e-06,-2.875796099033323117e-07,-1.767302304506301880e-02,7.507393602281808853e-04,3.140051150694489479e-03,-9.820709237828850746e-04,1.208426244556903839e-02,5.920802801847457886e-02,-1.224225666373968124e-02,4.247876629233360291e-02,-3.546932339668273926e-02,-2.880531176924705505e-02,8.163385838270187378e-02,6.836412101984024048e-02,7.197180390357971191e-02,1.780649530701339245e-03,-2.377520687878131866e-02,6.286199390888214111e-02,3.742945939302444458e-02,4.502272605895996094e-02,-9.175166487693786621e-03,4.627601057291030884e-02,-6.259805057197809219e-03,4.141752794384956360e-02,4.560050368309020996e-02,5.149983614683151245e-02,-5.536751821637153625e-02,6.073232740163803101e-02,6.165578961372375488e-02,2.555983513593673706e-02,-1.212392021443520207e-06,-2.482572654116665944e-07,-3.654684871435165405e-02,8.225186727941036224e-03,2.053981646895408630e-02,-1.271175127476453781e-02,5.905710160732269287e-03,-2.030649222433567047e-02,1.488699018955230713e-02,-4.950125701725482941e-03,1.305254828184843063e-02,-1.518599223345518112e-02,1.084988377988338470e-02,6.253361236304044724e-03,4.205105453729629517e-02,5.422971397638320923e-02,3.910370636731386185e-03,4.502693482208997011e-04,5.243472987785935402e-04,1.129781943745911121e-03,-3.646852681413292885e-03,5.018732976168394089e-03,-4.711205139756202698e-02,-6.184856873005628586e-03,-8.058542758226394653e-02,7.762294728308916092e-03,8.971213105724018533e-07,-5.479948299580428284e-07,-3.228038549423217773e-02,3.948001563549041748e-02,9.309988468885421753e-03,1.303297560662031174e-02,-2.152509428560733795e-02,2.807836048305034637e-02,2.575063519179821014e-02,1.633062772452831268e-02,-2.605755627155303955e-02,3.666301444172859192e-02,-2.883127890527248383e-02,-3.948735073208808899e-03,2.355439960956573486e-02,-6.065940484404563904e-03,5.131007358431816101e-02,-9.601726196706295013e-03
3.333333333333333148e-01,0.000000000000000000e+00,3.333333333333333148e-01,0.000000000000000000e+00,-9.094657003879547119e-02,1.917765941470861435e-03,-1.464569717645645142e-01,2.553703077137470245e-02,-9.477245062589645386e-02,-3.896074369549751282e-02,5.057471990585327148e-02,8.009149134159088135e-02,-9.271610528230667114e-03,4.545629024505615234e-02,-5.951288715004920959e-02,-1.635628635995090008e-03,-1.652477309107780457e-02,-5.869239568710327148e-02,-9.433155506849288940e-02,-6.994464993476867676e-02,3.879858879372477531e-03,2.873089723289012909e-02,-1.159442141652107239e-01,-1.023125201463699341e-01,4.783925041556358337e-02,1.039044000208377838e-04,-1.479527205228805542e-01,6.971909105777740479e-02,3.314082697033882141e-02,3.597957268357276917e-02,-2.280899309425876709e-07,-6.582085347872634884e-07,-9.814557433128356934e-02,4.152229521423578262e-03,1.743685267865657806e-02,-5.452525336295366287e-03,-1.146866008639335632e-02,-5.619413033127784729e-02,4.585713613778352737e-03,-1.591169461607933044e-02,1.328615937381982803e-02,1.079020649194717407e-02,-6.116434186697006226e-02,-5.129698663949966431e-02,-1.572411656379699707e-01,-3.809415502473711967e-03,1.781480014324188232e-02,-4.710408300161361694e-02,1.536999922245740891e-02,1.849195361137390137e-02,2.441191673278808594e-02,-1.231315582990646362e-01,1.665852032601833344e-02,-1.102082878351211548e-01,-2.204254455864429474e-02,-2.489334158599376678e-02,3.449934720993041992e-02,-3.783626109361648560e-02,-3.841183334589004517e-02,-1.592416875064373016e-02,4.005333721579518169e-06,-1.965121555258519948e-06,-1.439688056707382202e-01,3.240785375237464905e-02,8.091227710247039795e-02,-5.007685348391532898e-02,1.157701760530471802e-02,-3.981318324804306030e-02,-4.437451064586639404e-02,1.475425064563751221e-02,-3.890374675393104553e-02,4.526275023818016052e-02,-1.295991539955139160e-01,-7.466477155685424805e-02,1.121585294604301453e-01,1.446365714073181152e-01,-4.380036145448684692e-02,-5.035846494138240814e-03,-5.868398584425449371e-03,-1.265429798513650894e-02,4.355907812714576721e-02,-5.994703993201255798e-02,-1.006442122161388397e-02,-1.327736303210258484e-03,-2.241833209991455078e-01,2.159906364977359772e-02,2.489566668373299763e-06,-1.015704810924944468e-06,-8.980397880077362061e-02,1.098335981369018555e-01,-2.330772404093295336e-04,-3.237050841562449932e-04,-1.083954796195030212e-01,1.413980573415756226e-01,-6.339785177260637283e-04,-4.024156369268894196e-04,4.531782492995262146e-02,-6.377132236957550049e-02,-1.030154675245285034e-01,-1.410922128707170486e-02,-2.095481939613819122e-02,5.398849956691265106e-03,-4.563402011990547180e-02,8.539234288036823273e-03
3.333333333333333148e-01,0.000000000000000000e+00,4.444444444444444198e-01,0.000000000000000000e+00,-8.016590774059295654e-02,1.690430683083832264e-03,-1.446477472782135010e-01,2.522157318890094757e-02,-1.070567667484283447e-01,-4.401071742177009583e-02,4.995000734925270081e-02,7.910209894180297852e-02,-5.746672977693378925e-04,2.817912260070443153e-03,-6.831622868776321411e-02,-1.877682982012629509e-03,-1.896900124847888947e-02,-6.737402826547622681e-02,-3.627926111221313477e-02,-2.690014243125915527e-02,1.492166542448103428e-03,1.104981731623411179e-02,-8.992373943328857422e-02,-7.935178279876708984e-02,3.032235242426395416e-02,6.608501280425116420e-05,-9.377755224704742432e-02,4.419004917144775391e-02,9.540189057588577271e-03,1.036312244832515717e-02,6.919416932760213967e-07,-5.299655754242849071e-07,-9.276391565799713135e-02,3.926875535398721695e-03,1.648066751658916473e-02,-5.153635982424020767e-03,-1.771522872149944305e-02,-8.679679781198501587e-02,-1.421514712274074554e-02,4.932459816336631775e-02,-4.118490964174270630e-02,-3.344684094190597534e-02,-7.899197190999984741e-02,-6.613966822624206543e-02,-5.494699254631996155e-02,-1.370476209558546543e-03,2.300526574254035950e-02,-6.082751229405403137e-02,-3.669382072985172272e-03,-4.410732071846723557e-03,1.255703996866941452e-02,-6.334369629621505737e-02,8.569301106035709381e-03,-5.669391527771949768e-02,-3.573965281248092651e-02,-4.036180675029754639e-02,4.202089458703994751e-02,-4.608803242444992065e-02,-4.678957909345626831e-02,-1.939710788428783417e-02,4.115001956961350515e-06,-1.220676040247781202e-06,-8.922948688268661499e-02,2.008563280105590820e-02,5.014795064926147461e-02,-3.103668056428432465e-02,2.960441634058952332e-02,-1.018019318580627441e-01,-4.788521677255630493e-02,1.592121832072734833e-02,-4.198197275400161743e-02,4.884375259280204773e-02,3.314607590436935425e-02,1.909946091473102570e-02,1.904308237135410309e-02,2.455950714647769928e-02,-2.853811718523502350e-02,-3.279355354607105255e-03,-3.824483836069703102e-03,-8.244671858847141266e-03,-1.114085968583822250e-02,1.533212233334779739e-02,-8.884344249963760376e-03,-1.167694921605288982e-03,-6.189241260290145874e-02,5.961543880403041840e-03,8.287128139272681437e-07,-7.153317937991232611e-08,-2.479302696883678436e-02,3.032229095697402954e-02,8.591056102886795998e-04,1.203094027005136013e-03,-5.290743336081504822e-02,6.901635229587554932e-02,2.379463054239749908e-03,1.508648856543004513e-03,3.598842397332191467e-02,-5.064228922128677368e-02,-1.143657937645912170e-01,-1.566764898598194122e-02,-2.992731146514415741e-02,7.706554140895605087e-03,-6.518027186393737793e-02,1.219784002751111984e-02
3.333333333333333148e-01,0.000000000000000000e+00,5.555555555555555802e-01,0.000000000000000000e+00,-6.706781685352325439e-02,1.414265716448426247e-03,-1.318683028221130371e-01,2.299327589571475983e-02,-1.058814078569412231e-01,-4.352742061018943787e-02,4.553698748350143433e-02,7.211344689130783081e-02,6.220522336661815643e-03,-3.049673326313495636e-02,-6.800311058759689331e-02,-1.869132393039762974e-03,-1.888189278542995453e-02,-6.706508994102478027e-02,1.378618553280830383e-02,1.022227201610803604e-02,-5.670557729899883270e-04,-4.198744427412748337e-03,-5.086329579353332520e-02,-4.488380625844001770e-02,1.009959448128938675e-02,2.241903894173447043e-05,-3.123443387448787689e-02,1.471818052232265472e-02,-1.163988746702671051e-02,-1.262766495347023010e-02,1.182758865070354659e-06,-4.205311370242270641e-07,-6.671109050512313843e-02,2.825879724696278572e-03,1.185215171426534653e-02,-3.706307848915457726e-03,-1.154977641999721527e-02,-5.658726394176483154e-02,-2.288676053285598755e-02,7.941385358572006226e-02,-6.630908697843551636e-02,-5.385081470012664795e-02,-3.350955247879028320e-02,-2.800968289375305176e-02,4.124891757965087891e-02,9.656955371610820293e-04,9.758226573467254639e-03,-2.580143511295318604e-02,3.100008005276322365e-03,3.730776719748973846e-03,-1.880763331428170204e-03,9.476455859839916229e-03,-1.282421406358480453e-03,8.483199402689933777e-03,-6.506275385618209839e-03,-7.347304839640855789e-03,9.373013861477375031e-03,-1.027915626764297485e-02,-1.043619681149721146e-02,-4.326475784182548523e-03,1.054894028129638173e-06,-9.949344104143165168e-08,-3.490177169442176819e-02,7.855905219912528992e-03,1.961530931293964386e-02,-1.213978696614503860e-02,1.997201703488826752e-02,-6.867601722478866577e-02,-1.369571126997470856e-02,4.553658887743949890e-03,-1.200750190764665604e-02,1.396994758397340775e-02,7.015619426965713501e-02,4.042103886604309082e-02,-2.676218934357166290e-02,-3.451088070869445801e-02,1.965208724141120911e-02,2.261672634631395340e-03,2.633250318467617035e-03,5.678024142980575562e-03,-2.358017675578594208e-02,3.245140612125396729e-02,1.356353145092725754e-02,1.781434519216418266e-03,4.007126018404960632e-02,-3.861541394144296646e-03,-3.340973648846556898e-07,4.030627280826593051e-07,1.605187729001045227e-02,-1.963217929005622864e-02,-9.016151307150721550e-04,-1.262629986740648746e-03,1.272311341017484665e-02,-1.659669540822505951e-02,-2.495359163731336594e-03,-1.582228695042431355e-03,1.106766518205404282e-02,-1.557314954698085785e-02,1.505154650658369064e-02,2.060881117358803749e-03,-2.724823728203773499e-02,7.015162613242864609e-03,-5.935491248965263367e-02,1.110722031444311142e-02
3.333333333333333148e-01,0.000000000000000000e+00,6.666666666666666297e-01,0.000000000000000000e+00,-5.204617977142333984e-02,1.097463420592248440e-03,-1.089944094419479370e-01,1.900489814579486847e-02,-9.210441261529922485e-02,-3.786382079124450684e-02,3.763814643025398254e-02,5.960469692945480347e-02,9.683456271886825562e-03,-4.747441411018371582e-02,-5.928592011332511902e-02,-1.629585633054375648e-03,-1.646135933697223663e-02,-5.846800282597541809e-02,4.375457763671875000e-02,3.244308754801750183e-02,-1.799734076485037804e-03,-1.332631986588239670e-02,-1.562318298965692520e-02,-1.378661394119262695e-02,-5.803958047181367874e-03,-1.208510093420045450e-05,1.795057021081447601e-02,-8.458944037556648254e-03,-2.463684417307376862e-02,-2.673682570457458496e-02,1.362946932204067707e-06,-2.994155465785297565e-07,-3.659181669354438782e-02,1.551718683913350105e-03,6.501190830022096634e-03,-2.033085096627473831e-03,5.639621522277593613e-04,2.764850156381726265e-03,-2.275206707417964935e-02,7.894635945558547974e-02,-6.591890752315521240e-02,-5.353419110178947449e-02,3.790480270981788635e-02,3.179323300719261169e-02,1.008702293038368225e-01,2.443205565214157104e-03,-1.104053203016519547e-02,2.919119223952293396e-02,2.775865234434604645e-02,3.339087963104248047e-02,-1.237048860639333725e-02,6.238541379570960999e-02,-8.439931087195873260e-03,5.583800002932548523e-02,4.117577150464057922e-02,4.650247469544410706e-02,-4.066549986600875854e-02,4.460598900914192200e-02,4.528392851352691650e-02,1.877275854349136353e-02,-2.247070824523689225e-06,4.214313662487256806e-07,-2.024363540112972260e-02,4.555529449135065079e-03,1.137745007872581482e-02,-7.041152101010084152e-03,7.792237680405378342e-03,-2.678954601287841797e-02,2.372691966593265533e-02,-7.888965308666229248e-03,2.080214768648147583e-02,-2.420243620872497559e-02,4.650416970252990723e-02,2.679471857845783234e-02,2.238608431071043015e-03,2.887589624151587486e-03,6.305275112390518188e-02,7.251874543726444244e-03,8.450135588645935059e-03,1.821690239012241364e-02,-1.563070900738239288e-02,2.151099778711795807e-02,-9.179742075502872467e-03,-1.204182161018252373e-03,-1.739560440182685852e-02,1.674556871876120567e-03,4.124977124320139410e-07,9.519565935534046730e-08,-6.967755965888500214e-03,8.522015996277332306e-03,1.038869004696607590e-02,1.454266626387834549e-02,3.532985225319862366e-02,-4.608615115284919739e-02,2.872998639941215515e-02,1.822088286280632019e-02,2.081995084881782532e-02,-2.929279394447803497e-02,4.747326299548149109e-02,6.502771284431219101e-03,-1.704858802258968353e-02,4.390134476125240326e-03,-3.713937476277351379e-02,6.949653849005699158e-03
3.333333333333333148e-01,0.000000000000000000e+00,7.777777777777776791e-01,0.000000000000000000e+00,-3.554047644138336182e-02,7.494581514038145542e-04,-7.772082090377807617e-02,1.355184055864810944e-02,-6.777050346136093140e-02,-2.786023356020450592e-02,2.683866024017333984e-02,4.250236228108406067e-02,9.304777719080448151e-03,-4.561791196465492249e-02,-4.363976046442985535e-02,-1.199541147798299789e-03,-1.211700215935707092e-02,-4.303760081529617310e-02,4.852861538529396057e-02,3.598289564251899719e-02,-1.996041508391499519e-03,-1.478042174130678177e-02,4.739689640700817108e-03,4.182379227131605148e-03,-1.255576219409704208e-02,-2.678306009329389781e-05,3.883177042007446289e-02,-1.829855889081954956e-02,-2.608516067266464233e-02,-2.831062301993370056e-02,1.117789679483394139e-06,-1.168670280549122253e-07,-1.410611253231763840e-02,5.997036350890994072e-04,2.506369259208440781e-03,-7.838807068765163422e-04,9.115143679082393646e-03,4.466138407588005066e-02,-1.706968061625957489e-02,5.922926217317581177e-02,-4.945559799671173096e-02,-4.016393795609474182e-02,8.107277005910873413e-02,6.792217493057250977e-02,1.093624010682106018e-01,2.676247153431177139e-03,-2.361253835260868073e-02,6.243164837360382080e-02,4.446035251021385193e-02,5.348007008433341980e-02,-1.516741979867219925e-02,7.649549096822738647e-02,-1.034838054329156876e-02,6.846615672111511230e-02,6.897941976785659790e-02,7.790268957614898682e-02,-7.035445421934127808e-02,7.717107236385345459e-02,7.834456115961074829e-02,3.247829154133796692e-02,-3.611999773056595586e-06,4.205095365250599571e-07,-2.760015800595283508e-02,6.211047526448965073e-03,1.551204361021518707e-02,-9.599904529750347137e-03,2.909613773226737976e-03,-9.997600689530372620e-03,3.983861207962036133e-02,-1.324617117643356323e-02,3.492829576134681702e-02,-4.063747078180313110e-02,2.076064795255661011e-02,1.196487061679363251e-02,5.517353489995002747e-02,7.115212082862854004e-02,7.416249811649322510e-02,8.529212325811386108e-03,9.939661249518394470e-03,2.142647467553615570e-02,-6.978276185691356659e-03,9.603340178728103638e-03,-6.175216287374496460e-02,-8.106176741421222687e-03,-1.355358362197875977e-01,1.305515319108963013e-02,2.119549662893405184e-06,-5.301899363985285163e-07,-5.429182201623916626e-02,6.640113890171051025e-02,2.696367353200912476e-02,3.774626553058624268e-02,3.004251606762409210e-02,-3.918880224227905273e-02,7.457401603460311890e-02,4.729431122541427612e-02,4.380811378359794617e-02,-6.163713335990905762e-02,-9.793048724532127380e-03,-1.341816852800548077e-03,8.562830276787281036e-03,-2.201931085437536240e-03,1.865310966968536377e-02,-3.490969073027372360e-03
3.333333333333333148e-01,0.000000000000000000e+00,8.888888888888888395e-01,0.000000000000000000e+00,-1.802556775510311127e-02,3.801003622356802225e-04,-4.042967036366462708e-02,7.049570791423320770e-03,-3.586096316576004028e-02,-1.474226731806993484e-02,1.396122202277183533e-02,2.210934832692146301e-02,5.608246196061372757e-03,-2.749535813927650452e-02,-2.308782748878002167e-02,-6.346278241835534573e-04,-6.410504691302776337e-03,-2.276923507452011108e-02,3.082818724215030670e-02,2.285842597484588623e-02,-1.267998944967985153e-03,-9.389380924403667450e-03,7.924226112663745880e-03,6.992611568421125412e-03,-9.427726268768310547e-03,-2.017361657635774463e-05,2.915752679109573364e-02,-1.373981963843107224e-02,-1.642912440001964569e-02,-1.783120445907115936e-02,6.825378591202024836e-07,-2.859881398364905181e-08,-3.094227053225040436e-03,1.325177290709689260e-04,5.498701939359307289e-04,-1.720415311865508556e-04,8.343523368239402771e-03,4.088030755519866943e-02,-8.893215097486972809e-03,3.085811436176300049e-02,-2.576617524027824402e-02,-2.092531323432922363e-02,6.419482082128524780e-02,5.376923456788063049e-02,6.939803808927536011e-02,1.707000308670103550e-03,-1.869659498333930969e-02,4.943380132317543030e-02,3.393656015396118164e-02,4.082093015313148499e-02,-1.004600245505571365e-02,5.066699907183647156e-02,-6.854132749140262604e-03,4.534845426678657532e-02,5.240438133478164673e-02,5.918352678418159485e-02,-5.401961132884025574e-02,5.925344303250312805e-02,6.015469506382942200e-02,2.493754774332046509e-02,-2.607541546240099706e-06,1.302923635648767231e-07,-2.377729862928390503e-02,5.350896157324314117e-03,1.336342189460992813e-02,-8.270266465842723846e-03,1.755828503519296646e-03,-6.032237783074378967e-03,2.870761230587959290e-02,-9.545301087200641632e-03,2.516945265233516693e-02,-2.928353473544120789e-02,7.429030723869800568e-03,4.283685237169265747e-03,5.864654853940010071e-02,7.563096284866333008e-02,4.845915734767913818e-02,5.573157221078872681e-03,6.495037116110324860e-03,1.400038599967956543e-02,-2.497306093573570251e-03,3.436686703935265541e-03,-6.619937717914581299e-02,-8.690308779478073120e-03,-1.413460671901702881e-01,1.361505780369043350e-02,2.135123395419213921e-06,-6.115068345025065355e-07,-5.661933124065399170e-02,6.924773752689361572e-02,2.517256513237953186e-02,3.523922711610794067e-02,1.588079519569873810e-02,-2.071554586291313171e-02,6.962160766124725342e-02,4.415312781929969788e-02,3.924623504281044006e-02,-5.521886050701141357e-02,-4.121053591370582581e-02,-5.645619705319404602e-03,1.969333551824092865e-02,-5.067711230367422104e-03,4.290009289979934692e-02,-8.028211072087287903e-03
4.444444444444444198e-01,0.000000000000000000e+00,4.444444444444444198e-01,0.000000000000000000e+00,-7.281254976987838745e-02,1.535344752483069897e-03,-1.505802869796752930e-01,2.625600807368755341e-02,-1.319148838520050049e-01,-5.422971025109291077e-02,5.199872329831123352e-02,8.234650641679763794e-02,6.372258998453617096e-03,-3.124061785638332367e-02,-8.697681128978729248e-02,-2.390612615272402763e-03,-2.415018156170845032e-02,-8.577710390090942383e-02,2.495902031660079956e-02,1.850641705095767975e-02,-1.026391284540295601e-03,-7.601614575833082199e-03,-6.748032569885253906e-02,-5.954780057072639465e-02,2.458575181663036346e-02,5.355346729629673064e-05,-7.603487372398376465e-02,3.582892939448356628e-02,1.096221245825290680e-02,1.190633792430162430e-02,8.754740861149912234e-07,-3.318428980492171831e-07,-9.029120206832885742e-02,3.822640283033251762e-03,1.604121550917625427e-02,-5.016182083636522293e-03,-3.156908228993415833e-02,-1.546713262796401978e-01,-2.644717320799827576e-02,9.176763147115707397e-02,-7.662378251552581787e-02,-6.222736835479736328e-02,-1.611187607049942017e-01,-1.348175108432769775e-01,7.011770270764827728e-03,5.766246977145783603e-05,4.692203179001808167e-02,-1.240642517805099487e-01,-6.933058053255081177e-02,-8.340175449848175049e-02,9.635525755584239960e-03,-4.860557243227958679e-02,6.574231665581464767e-03,-4.349995031952857971e-02,-6.433663517236709595e-02,-7.265770435333251953e-02,5.054652690887451172e-02,-5.544831976294517517e-02,-5.629024282097816467e-02,-2.333492971956729889e-02,6.299058441072702408e-06,-1.440034793631639332e-06,1.623952761292457581e-03,-3.641617950052022934e-04,-9.128461824730038643e-04,5.646448698826134205e-04,5.206092447042465210e-02,-1.790275275707244873e-01,-7.110309600830078125e-02,2.364015020430088043e-02,-6.233736500144004822e-02,7.252591103315353394e-02,1.987772583961486816e-01,1.145286113023757935e-01,-2.490587159991264343e-02,-3.211136907339096069e-02,-9.478886425495147705e-02,-1.089674513787031174e-02,-1.270403619855642319e-02,-2.738505601882934570e-02,-6.681112200021743774e-02,9.194649010896682739e-02,-1.088837459683418274e-01,-1.428901962935924530e-02,-1.960767619311809540e-02,1.883055316284298897e-03,1.254632252312148921e-06,1.841148389303270960e-07,-7.853520102798938751e-03,9.603569284081459045e-03,2.448093891143798828e-02,3.426826372742652893e-02,-3.351740911602973938e-02,4.372273012995719910e-02,6.770540773868560791e-02,4.293766617774963379e-02,2.066325210034847260e-02,-2.907832711935043335e-02,-2.019048482179641724e-01,-2.766155451536178589e-02,-2.935054711997509003e-03,7.553784525953233242e-04,-6.380307488143444061e-03,1.195223769173026085e-03
4.444444444444444198e-01,0.000000000000000000e+00,5.555555555555555802e-01,0.000000000000000000e+00,-6.078911572694778442e-02,1.281810342334210873e-03,-1.352835595607757568e-01,2.358879148960113525e-02,-1.283055990934371948e-01,-5.274594202637672424e-02,4.671642556786537170e-02,7.398116588592529297e-02,1.136920601129531860e-02,-5.573936179280281067e-02,-8.565909415483474731e-02,-2.354482654482126236e-03,-2.378415130078792572e-02,-8.447750657796859741e-02,7.675884664058685303e-02,5.691473931074142456e-02,-3.156964434310793877e-03,-2.337844483554363251e-02,-1.123868487775325775e-02,-9.918364696204662323e-03,7.505359593778848648e-03,1.617243106011301279e-05,-2.320950292050838470e-02,1.093650236725807190e-02,6.167394109070301056e-03,6.697345059365034103e-03,5.392528805714391638e-07,-4.065680769826940377e-08,-3.742639720439910889e-02,1.584773533977568150e-03,6.649210117757320404e-03,-2.079131314530968666e-03,-2.184333652257919312e-02,-1.070188730955123901e-01,-2.090078592300415039e-02,7.252240180969238281e-02,-6.055446341633796692e-02,-4.917762055993080139e-02,-1.109587177634239197e-01,-9.280323982238769531e-02,6.320196390151977539e-02,1.438293606042861938e-03,3.231338039040565491e-02,-8.543777465820312500e-02,-6.922507286071777344e-02,-8.327834308147430420e-02,-1.898128539323806763e-03,9.573289193212985992e-03,-1.296618836931884289e-03,8.572041057050228119e-03,-2.627633698284626007e-02,-2.967559732496738434e-02,1.046577002853155136e-02,-1.148884929716587067e-02,-1.166149787604808807e-02,-4.833520390093326569e-03,1.497623770774225704e-06,-8.646314597626769682e-08,9.083433449268341064e-02,-2.044511586427688599e-02,-5.104970932006835938e-02,3.159448504447937012e-02,1.226735487580299377e-02,-4.218808561563491821e-02,-1.588835567235946655e-02,5.282305181026458740e-03,-1.392984483391046524e-02,1.620656810700893402e-02,1.024672091007232666e-01,5.903639644384384155e-02,-3.568470850586891174e-02,-4.601567611098289490e-02,-4.225386679172515869e-02,-4.858545958995819092e-03,-5.663328338414430618e-03,-1.220731437206268311e-02,-3.444012999534606934e-02,4.739722982048988342e-02,-5.266229063272476196e-02,-6.909257732331752777e-03,5.003744736313819885e-02,-4.823368508368730545e-03,-1.648079717142536538e-08,3.529206367147708079e-07,2.004484459757804871e-02,-2.451586164534091949e-02,1.256737671792507172e-02,1.759125106036663055e-02,3.814308345317840576e-02,-4.975692182779312134e-02,3.475358709692955017e-02,2.204073965549468994e-02,-2.723045833408832550e-02,3.831780701875686646e-02,4.124948754906654358e-02,5.650808569043874741e-03,2.875876612961292267e-02,-7.405692245811223984e-03,6.263942271471023560e-02,-1.172235514968633652e-02
4.444444444444444198e-01,0.000000000000000000e+00,6.666666666666666297e-01,0.000000000000000000e+00,-4.709904640913009644e-02,9.931796230375766754e-04,-1.106695532798767090e-01,1.929695904254913330e-02,-1.104082986712455750e-01,-4.538838937878608704e-02,3.821662068367004395e-02,6.052070483565330505e-02,1.315152272582054138e-02,-6.447751075029373169e-02,-7.418951392173767090e-02,-2.039260230958461761e-03,-2.059944719076156616e-02,-7.316605746746063232e-02,9.947118163108825684e-02,7.375534623861312866e-02,-4.091224167495965958e-03,-3.029609099030494690e-02,2.908700704574584961e-02,2.566657215356826782e-02,-5.837047938257455826e-03,-1.287418217543745413e-05,1.805443875491619110e-02,-8.507850579917430878e-03,8.791405125521123409e-04,9.537981241010129452e-04,1.514080736342293676e-07,2.100626801393445930e-07,6.222213618457317352e-03,-2.630170492921024561e-04,-1.105376984924077988e-03,3.458128776401281357e-04,-6.672414485365152359e-03,-3.268901631236076355e-02,-1.146293524652719498e-02,3.977455943822860718e-02,-3.321090713143348694e-02,-2.697144821286201477e-02,-2.569114789366722107e-02,-2.143947221338748932e-02,8.023484051227569580e-02,1.904872828163206577e-03,7.480681873857975006e-03,-1.977943256497383118e-02,-2.710081823170185089e-02,-3.260572627186775208e-02,-9.026279672980308533e-03,4.552699252963066101e-02,-6.159997079521417618e-03,4.075053334236145020e-02,2.159584872424602509e-02,2.438880875706672668e-02,-2.952765114605426788e-02,3.238140046596527100e-02,3.287541121244430542e-02,1.362933963537216187e-02,-2.279211457789642736e-06,6.807272825426480267e-07,7.625441253185272217e-02,-1.716418191790580750e-02,-4.285535961389541626e-02,2.652319706976413727e-02,-8.907966315746307373e-03,3.063373267650604248e-02,2.616124786436557770e-02,-8.698323741555213928e-03,2.293613366782665253e-02,-2.668508701026439667e-02,9.333853609859943390e-03,5.378355272114276886e-03,1.026994269341230392e-02,1.324415486305952072e-02,2.915805950760841370e-02,3.352440195158123970e-03,3.907934762537479401e-03,8.424133062362670898e-03,-3.137385938316583633e-03,4.317586775869131088e-03,-2.901178598403930664e-02,-3.807402914389967918e-03,-3.290054947137832642e-02,3.168589668348431587e-03,8.054718136918381788e-07,-5.808063008316821652e-08,-1.317861676216125488e-02,1.611822657287120819e-02,1.440649013966321945e-02,2.016711421310901642e-02,4.456659778952598572e-02,-5.813531950116157532e-02,3.984230011701583862e-02,2.526809088885784149e-02,2.192380093038082123e-02,-3.084331378340721130e-02,4.191976040601730347e-02,5.742467008531093597e-03,1.248394232243299484e-02,-3.212420968338847160e-03,2.718978561460971832e-02,-5.088771693408489227e-03
4.444444444444444198e-01,0.000000000000000000e+00,7.777777777777776791e-01,0.000000000000000000e+00,-3.212649002671241760e-02,6.774328066967427731e-04,-7.837355136871337891e-02,1.366568170487880707e-02,-8.067993074655532837e-02,-3.316718339920043945e-02,2.706404775381088257e-02,4.285934194922447205e-02,1.136469934135675430e-02,-5.571748316287994385e-02,-5.439202859997749329e-02,-1.495077274739742279e-03,-1.510238740593194962e-02,-5.364156141877174377e-02,8.979356288909912109e-02,6.657964736223220825e-02,-3.693218808621168137e-03,-2.734864316880702972e-02,4.254915937781333923e-02,3.754637017846107483e-02,-1.132765226066112518e-02,-2.477520501997787505e-05,3.503485023975372314e-02,-1.650932990014553070e-02,-2.393371425569057465e-03,-2.599824685603380203e-03,-4.483435134261526400e-08,3.196671514160698280e-07,2.634041570127010345e-02,-1.114732585847377777e-03,-4.679538309574127197e-03,1.463422668166458607e-03,4.379253834486007690e-03,2.145797200500965118e-02,-3.767806803807616234e-03,1.307348627597093582e-02,-1.091620512306690216e-02,-8.865499868988990784e-03,3.653237968683242798e-02,3.062068857252597809e-02,6.892443448305130005e-02,1.676581683568656445e-03,-1.064057927578687668e-02,2.813340350985527039e-02,1.350878365337848663e-02,1.624630391597747803e-02,-1.055067032575607300e-02,5.321466922760009766e-02,-7.199268322438001633e-03,4.762968048453330994e-02,5.043448507785797119e-02,5.695824325084686279e-02,-5.051222071051597595e-02,5.540307611227035522e-02,5.624652653932571411e-02,2.331766113638877869e-02,-3.720357881320524029e-06,6.124029710008471739e-07,2.240943536162376404e-02,-5.044900346547365189e-03,-1.259381324052810669e-02,7.794568780809640884e-03,-9.670854546129703522e-03,3.326204791665077209e-02,4.074931517243385315e-02,-1.354883145540952682e-02,3.572646901011466980e-02,-4.156611114740371704e-02,-1.913077756762504578e-02,-1.101906970143318176e-02,6.112155690789222717e-02,7.882152497768402100e-02,6.938260793685913086e-02,7.978477515280246735e-03,9.299387224018573761e-03,2.004536055028438568e-02,6.429555360227823257e-03,-8.848723024129867554e-03,-5.916070193052291870e-02,-7.766524329781532288e-03,-1.546128094196319580e-01,1.489355415105819702e-02,2.548971906435326673e-06,-5.180523316994367633e-07,-6.193366274237632751e-02,7.574771344661712646e-02,2.959321439266204834e-02,4.142785444855690002e-02,4.290144890546798706e-02,-5.596252158284187317e-02,8.184731006622314453e-02,5.190664529800415039e-02,8.303355425596237183e-02,-1.168270334601402283e-01,-3.622340783476829529e-02,-4.963204730302095413e-03,1.247626263648271561e-02,-3.206785302609205246e-03,2.717862650752067566e-02,-5.086590070277452469e-03
4.444444444444444198e-01,0.000000000000000000e+00,8.888888888888888395e-01,0.000000000000000000e+00,-1.628323644399642944e-02,3.433622769080102444e-04,-4.060819372534751892e-02,7.080693263560533524e-03,-4.252710193395614624e-02,-1.748272217810153961e-02,1.402284856885671616e-02,2.220698632299900055e-02,6.548201199620962143e-03,-3.210372105240821838e-02,-2.871402539312839508e-02,-7.892603753134608269e-04,-7.972653955221176147e-03,-2.831775508821010590e-02,5.270615220069885254e-02,3.908025100827217102e-02,-2.167804166674613953e-03,-1.605284027755260468e-02,2.940493077039718628e-02,2.594772540032863617e-02,-8.358784019947052002e-03,-1.828965287131723017e-05,2.585232630372047424e-02,-1.218227948993444443e-02,-2.400321187451481819e-03,-2.606944413855671883e-03,-8.454878752672811970e-08,2.190967336446192348e-07,2.112906426191329956e-02,-8.942831191234290600e-04,-3.753768047317862511e-03,1.173864468000829220e-03,5.942796822637319565e-03,2.911753207445144653e-02,-2.827770658768713474e-04,9.809779003262519836e-04,-8.191593806259334087e-04,-6.653881282545626163e-04,4.136542975902557373e-02,3.464326262474060059e-02,3.916113451123237610e-02,9.667513077147305012e-04,-1.204767450690269470e-02,3.185376897454261780e-02,2.166433818638324738e-02,2.605870366096496582e-02,-6.862755864858627319e-03,3.461330756545066833e-02,-4.682512953877449036e-03,3.098008781671524048e-02,4.074305668473243713e-02,4.601345583796501160e-02,-3.841071203351020813e-02,4.213172569870948792e-02,4.277285560965538025e-02,1.773182302713394165e-02,-2.633907570270821452e-06,3.235865051465225406e-07,-6.898202933371067047e-03,1.552102854475378990e-03,3.877224400639533997e-03,-2.399371704086661339e-03,-3.891658270731568336e-03,1.338800042867660522e-02,2.843823283910751343e-02,-9.455593302845954895e-03,2.493305690586566925e-02,-2.900849096477031708e-02,-1.168395951390266418e-02,-6.728484295308589935e-03,5.925500765442848206e-02,7.641476392745971680e-02,5.503652989864349365e-02,6.329193711280822754e-03,7.376628462225198746e-03,1.590063609182834625e-02,3.926697652786970139e-03,-5.404076073318719864e-03,-6.095343083143234253e-02,-8.001942187547683716e-03,-1.520287990570068359e-01,1.464449428021907806e-02,2.525982608858612366e-06,-5.102415343571919948e-07,-6.089867278933525085e-02,7.448171824216842651e-02,2.787744998931884766e-02,3.902618587017059326e-02,3.023948147892951965e-02,-3.944563120603561401e-02,7.710287719964981079e-02,4.889747127890586853e-02,7.737562060356140137e-02,-1.088670715689659119e-01,-5.872054025530815125e-02,-8.045098744332790375e-03,1.511119399219751358e-02,-3.885550890117883682e-03,3.291970118880271912e-02,-6.160690449178218842e-03
5.555555555555555802e-01,0.000000000000000000e+00,5.555555555555555802e-01,0.000000000000000000e+00,-5.227777361869812012e-02,1.102427719160914421e-03,-1.289431154727935791e-01,2.248325943946838379e-02,-1.373292356729507446e-01,-5.645540729165077209e-02,4.452702403068542480e-02,7.051382213830947876e-02,1.625351421535015106e-02,-7.968608289957046509e-02,-9.379133582115173340e-02,-2.578047802671790123e-03,-2.604203298687934875e-02,-9.249752014875411987e-02,1.397920846939086914e-01,1.036520376801490784e-01,-5.749454721808433533e-03,-4.257664084434509277e-02,4.993095621466636658e-02,4.405946657061576843e-02,-2.289886353537440300e-03,-5.635364686895627528e-06,7.085691206157207489e-03,-3.339207731187343597e-03,2.097050286829471588e-02,2.275887504220008850e-02,-5.895615231565898284e-07,4.694188362464046804e-07,2.196235395967960358e-02,-9.308615117333829403e-04,-3.901994787156581879e-03,1.220625825226306915e-03,-2.126682177186012268e-02,-1.041933596134185791e-01,-8.756285533308982849e-03,3.038238547742366791e-02,-2.536815591156482697e-02,-2.060253545641899109e-02,-1.324127465486526489e-01,-1.107501238584518433e-01,7.231365889310836792e-02,1.641472103074193001e-03,3.856154903769493103e-02,-1.019571274518966675e-01,-1.179023683071136475e-01,-1.418392360210418701e-01,-4.624845460057258606e-03,2.333889156579971313e-02,-3.159516723826527596e-03,2.089340239763259888e-02,-2.863430976867675781e-02,-3.234039992094039917e-02,1.407056348398327827e-03,-1.561588724143803120e-03,-1.581226941198110580e-03,-6.540547474287450314e-04,-7.129872869882092346e-07,7.548519533884245902e-07,2.284316122531890869e-01,-5.141627416014671326e-02,-1.283808499574661255e-01,7.945444434881210327e-02,-2.872376143932342529e-02,9.876222908496856689e-02,1.261060591787099838e-02,-4.192859400063753128e-03,1.105500105768442154e-02,-1.286160480231046677e-02,-3.426270093768835068e-03,-1.978145446628332138e-03,-5.381512641906738281e-02,-6.940002739429473877e-02,-7.008583098649978638e-02,-8.062902837991714478e-03,-9.393368847668170929e-03,-2.024867385625839233e-02,1.152157667092978954e-03,-1.584831275977194309e-03,-1.075986493378877640e-02,-1.409041229635477066e-03,1.427644342184066772e-01,-1.375323161482810974e-02,-1.721989860925532412e-06,4.953437837684759870e-07,5.718904361128807068e-02,-6.994371861219406128e-02,-5.958317313343286514e-03,-8.342391811311244965e-03,6.931538134813308716e-02,-9.042191505432128906e-02,-1.648429408669471741e-02,-1.045359950512647629e-02,-1.196566224098205566e-01,1.683707088232040405e-01,2.423703968524932861e-01,3.320615366101264954e-02,8.666869997978210449e-02,-2.231847681105136871e-02,1.887674331665039062e-01,-3.532624244689941406e-02
5.555555555555555802e-01,0.000000000000000000e+00,6.666666666666666297e-01,0.000000000000000000e+00,-4.041353240609169006e-02,8.522112038917839527e-04,-1.044239997863769531e-01,1.820797100663185120e-02,-1.167170852422714233e-01,-4.798181727528572083e-02,3.605998307466506958e-02,5.710527673363685608e-02,1.616428792476654053e-02,-7.924861460924148560e-02,-8.037995547056198120e-02,-2.209388650953769684e-03,-2.231819741427898407e-02,-7.927096635103225708e-02,1.499620079994201660e-01,1.111927181482315063e-01,-6.167874671518802643e-03,-4.567433148622512817e-02,8.609200268983840942e-02,7.596949487924575806e-02,-1.102852821350097656e-02,-2.476639565429650247e-05,3.411153331398963928e-02,-1.607418246567249298e-02,2.388078160583972931e-02,2.591347880661487579e-02,-1.429158828614163212e-06,6.615948109356395435e-07,6.909400969743728638e-02,-2.926863497123122215e-03,-1.227535121142864227e-02,3.839073004201054573e-03,-4.805746953934431076e-03,-2.354382351040840149e-02,9.274337440729141235e-03,-3.218143060803413391e-02,2.687104605138301849e-02,2.182215452194213867e-02,-4.514937102794647217e-02,-3.776554763317108154e-02,2.193009667098522186e-02,4.941577790305018425e-04,1.314849685877561569e-02,-3.476474061608314514e-02,-5.473794043064117432e-02,-6.585200130939483643e-02,-3.218865720555186272e-03,1.624537073075771332e-02,-2.198724076151847839e-03,1.454187277704477310e-02,-1.325265620835125446e-03,-1.498412108048796654e-03,-9.004692547023296356e-03,9.867106564342975616e-03,1.001925300806760788e-02,4.154324997216463089e-03,-2.067367631752858870e-06,8.950271990215696860e-07,1.348436623811721802e-01,-3.035128116607666016e-02,-7.578338682651519775e-02,4.690193757414817810e-02,-3.536907583475112915e-02,1.216214224696159363e-01,2.719914354383945465e-02,-9.042913094162940979e-03,2.384545095264911652e-02,-2.774269878864288330e-02,-1.048048213124275208e-01,-6.038621813058853149e-02,-2.734826121013611555e-04,-3.558368480298668146e-04,-1.008897274732589722e-02,-1.163352048024535179e-03,-1.351816928945481777e-03,-2.915274817496538162e-03,3.522610291838645935e-02,-4.847867041826248169e-02,4.658041894435882568e-02,6.112896837294101715e-03,3.627804666757583618e-02,-3.491859650239348412e-03,-1.078690843314689118e-06,-5.685550874545697297e-08,1.453156117349863052e-02,-1.777232997119426727e-02,-1.583500578999519348e-02,-2.216674201190471649e-02,-7.609941530972719193e-03,9.926921688020229340e-03,-4.379438981413841248e-02,-2.777393162250518799e-02,-2.348369359970092773e-02,3.304296359419822693e-02,4.652069881558418274e-02,6.374044809490442276e-03,5.752630997449159622e-03,-1.481700921431183815e-03,1.252783648669719696e-02,-2.344398293644189835e-03
5.555555555555555802e-01,0.000000000000000000e+00,7.777777777777776791e-01,0.000000000000000000e+00,-2.752257138490676880e-02,5.803628009743988514e-04,-7.344640046358108521e-02,1.280653756111860275e-02,-8.460297435522079468e-02,-3.477990254759788513e-02,2.536270208656787872e-02,4.016491770744323730e-02,1.297676376998424530e-02,-6.362119317054748535e-02,-5.853104591369628906e-02,-1.608847873285412788e-03,-1.625157520174980164e-02,-5.772341415286064148e-02,1.245123520493507385e-01,9.232247620820999146e-02,-5.121199414134025574e-03,-3.792309388518333435e-02,8.565365523099899292e-02,7.558302581310272217e-02,-1.333234831690788269e-02,-2.975049574160948396e-05,4.123586043715476990e-02,-1.943121291697025299e-02,1.939031481742858887e-02,2.103890292346477509e-02,-1.532990836494718678e-06,6.079291097194072790e-07,7.741580903530120850e-02,-3.279184922575950623e-03,-1.375384815037250519e-02,4.301225766539573669e-03,5.860608536750078201e-03,2.871455252170562744e-02,1.627692207694053650e-02,-5.647915601730346680e-02,4.715896770358085632e-02,3.829858452081680298e-02,1.938734389841556549e-02,1.621564850211143494e-02,-9.767674840986728668e-03,-2.208142977906391025e-04,-5.646158475428819656e-03,1.492851506918668747e-02,2.196872606873512268e-03,2.641231985762715340e-03,-1.716655213385820389e-03,8.662661537528038025e-03,-1.171856420114636421e-03,7.753085345029830933e-03,1.816589944064617157e-02,2.051533013582229614e-02,-1.518289186060428619e-02,1.665208488702774048e-02,1.690588891506195068e-02,7.008594460785388947e-03,-2.058076006505871192e-06,5.036980041950300802e-07,2.520216815173625946e-02,-5.672717001289129257e-03,-1.416372973471879959e-02,8.765872567892074585e-03,-1.723006740212440491e-02,5.925222858786582947e-02,2.360989525914192200e-02,-7.849717512726783752e-03,2.069936878979206085e-02,-2.408259734511375427e-02,-6.972360610961914062e-02,-4.017061740159988403e-02,3.838470578193664551e-02,4.949865117669105530e-02,3.222592175006866455e-02,3.704767208546400070e-03,4.319486208260059357e-03,9.310167282819747925e-03,2.343456260859966278e-02,-3.225116804242134094e-02,-4.447340688784606755e-05,-7.760580956528428942e-06,-8.223958313465118408e-02,7.923834025859832764e-03,1.112102381739532575e-06,-3.181123418016795767e-07,-3.294353559613227844e-02,4.029151424765586853e-02,6.169208325445652008e-03,8.637459017336368561e-03,-1.478792546549811959e-04,1.938375062309205532e-04,1.706499606370925903e-02,1.082202233374118805e-02,5.815182998776435852e-02,-8.182150125503540039e-02,-5.897073075175285339e-02,-8.079297840595245361e-03,-6.237426772713661194e-03,1.609525061212480068e-03,-1.358279306441545486e-02,2.541774418205022812e-03
5.555555555555555802e-01,0.000000000000000000e+00,8.888888888888888395e-01,0.000000000000000000e+00,-1.393666397780179977e-02,2.939102996606379747e-04,-3.790436685085296631e-02,6.609215866774320602e-03,-4.439011961221694946e-02,-1.824860461056232452e-02,1.308921631425619125e-02,2.072833850979804993e-02,7.216071244329214096e-03,-3.537828475236892700e-02,-3.078051656484603882e-02,-8.460627286694943905e-04,-8.546408265829086304e-03,-3.035573475062847137e-02,7.027155905961990356e-02,5.210439860820770264e-02,-2.890248550102114677e-03,-2.140284888446331024e-02,5.241859331727027893e-02,4.625565186142921448e-02,-8.823106065392494202e-03,-1.958568645932246000e-05,2.728872932493686676e-02,-1.285901851952075958e-02,1.058259513229131699e-02,1.148173213005065918e-02,-9.430133900423243176e-07,3.961774268645967823e-07,4.947775229811668396e-02,-2.095696749165654182e-03,-8.790362626314163208e-03,2.748877741396427155e-03,6.609531119465827942e-03,3.238351643085479736e-02,1.172008365392684937e-02,-4.066717624664306641e-02,3.395621478557586670e-02,2.757648751139640808e-02,3.077151253819465637e-02,2.573917806148529053e-02,-1.389763690531253815e-02,-3.118771419394761324e-04,-8.961510844528675079e-03,2.369422838091850281e-02,1.866130158305168152e-02,2.244854345917701721e-02,-7.207962917163968086e-04,3.636236768215894699e-03,-4.915905883535742760e-04,3.253759816288948059e-03,1.792075857520103455e-02,2.023914083838462830e-02,-1.217501144856214523e-02,1.335603836923837662e-02,1.355908717960119247e-02,5.620882846415042877e-03,-1.362023340334417298e-06,9.549700763500368339e-08,-1.924374327063560486e-02,4.331384319812059402e-03,1.081531960517168045e-02,-6.693488452583551407e-03,-2.998349722474813461e-03,1.031409297138452530e-02,1.292644534260034561e-02,-4.297941923141479492e-03,1.133320294320583344e-02,-1.318572647869586945e-02,-1.963706314563751221e-02,-1.131201535463333130e-02,3.833455219864845276e-02,4.943555966019630432e-02,3.333510830998420715e-02,3.833560505881905556e-03,4.467952530831098557e-03,9.630801156163215637e-03,6.599996238946914673e-03,-9.083027951419353485e-03,-3.100061602890491486e-02,-4.070187453180551529e-03,-1.000158116221427917e-01,9.634587913751602173e-03,1.715864641482767183e-06,-2.787217283639620291e-07,-4.006378725171089172e-02,4.899983108043670654e-02,1.627871952950954437e-02,2.278925292193889618e-02,1.501691248267889023e-02,-1.958856917917728424e-02,4.502398893237113953e-02,2.855323627591133118e-02,6.526566296815872192e-02,-9.182956814765930176e-02,-6.127172335982322693e-02,-8.394682779908180237e-03,4.070084076374769211e-03,-1.043761963956058025e-03,8.869092911481857300e-03,-1.659735804423689842e-03
6.666666666666666297e-01,0.000000000000000000e+00,6.666666666666666297e-01,0.000000000000000000e+00,-3.216245025396347046e-02,6.782165728509426117e-04,-8.991470932960510254e-02,1.567804068326950073e-02,-1.093401089310646057e-01,-4.494909197092056274e-02,3.104968555271625519e-02,4.917074367403984070e-02,1.732902973890304565e-02,-8.495927602052688599e-02,-7.654467970132827759e-02,-2.103992504999041557e-03,-2.125324122607707977e-02,-7.548847794532775879e-02,1.793632358312606812e-01,1.329927295446395874e-01,-7.377238012850284576e-03,-5.462932586669921875e-02,1.365759819746017456e-01,1.205183267593383789e-01,-1.756609417498111725e-02,-3.950588870793581009e-05,5.433106049895286560e-02,-2.560191601514816284e-02,4.073986411094665527e-02,4.420614242553710938e-02,-3.023668796231504530e-06,9.328206260761362500e-07,1.322141140699386597e-01,-5.601056851446628571e-03,-2.348940446972846985e-02,7.346017286181449890e-03,6.445029284805059433e-03,3.157769143581390381e-02,3.480530157685279846e-02,-1.207705438137054443e-01,1.008410304784774780e-01,8.189489692449569702e-02,-4.811372607946395874e-03,-4.080815706402063370e-03,-7.310330867767333984e-02,-1.755259931087493896e-03,1.402325578965246677e-03,-3.707251045852899551e-03,-2.422141097486019135e-02,-2.913740463554859161e-02,5.368795245885848999e-03,-2.706642821431159973e-02,3.661652328446507454e-03,-2.422612346708774567e-02,-1.505556236952543259e-02,-1.700490713119506836e-02,1.594378799200057983e-02,-1.749202609062194824e-02,-1.775765419006347656e-02,-7.361317519098520279e-03,-9.855986036200192757e-07,8.468572332276380621e-07,7.301724702119827271e-02,-1.643456518650054932e-02,-4.103667661547660828e-02,2.539693005383014679e-02,-4.432333633303642273e-02,1.524135172367095947e-01,1.641205139458179474e-02,-5.455634556710720062e-03,1.438796054571866989e-02,-1.673911139369010925e-02,-2.172956317663192749e-01,-1.251998394727706909e-01,4.430849105119705200e-03,5.707781761884689331e-03,-1.901091448962688446e-02,-2.190048806369304657e-03,-2.547195646911859512e-03,-5.493390839546918869e-03,7.303535938262939453e-02,-1.005128696560859680e-01,1.593062877655029297e-01,2.090516127645969391e-02,6.686566025018692017e-02,-6.433743052184581757e-03,-2.850273176591144875e-06,-1.583213276035166928e-07,2.678196504712104797e-02,-3.275595232844352722e-02,-5.497219413518905640e-02,-7.695303112268447876e-02,-1.323059499263763428e-01,1.725901663303375244e-01,-1.520309299230575562e-01,-9.641706198453903198e-02,-1.733952388167381287e-02,2.438480593264102936e-02,-1.154313981533050537e-01,-1.581305824220180511e-02,-7.911925762891769409e-02,2.036801911890506744e-02,-1.723302304744720459e-01,3.225097805261611938e-02
6.666666666666666297e-01,0.000000000000000000e+00,7.777777777777776791e-01,0.000000000000000000e+00,-2.184846252202987671e-02,4.607293813023716211e-04,-6.272898614406585693e-02,1.093777175992727280e-02,-7.836736738681793213e-02,-3.221638500690460205e-02,2.166173793375492096e-02,3.430395573377609253e-02,1.319105830043554306e-02,-6.467211246490478516e-02,-5.512733757495880127e-02,-1.515276497229933739e-03,-1.530648488551378250e-02,-5.436647683382034302e-02,1.409369707107543945e-01,1.045006737112998962e-01,-5.796823650598526001e-03,-4.292570054531097412e-02,1.186540797352790833e-01,1.047037169337272644e-01,-1.599856652319431305e-02,-3.583442958188243210e-05,4.948203638195991516e-02,-2.331690303981304169e-02,3.449454531073570251e-02,3.742849081754684448e-02,-2.734865574893774465e-06,8.306388963319477625e-07,1.215449720621109009e-01,-5.149021744728088379e-03,-2.159416861832141876e-02,6.752882618457078934e-03,1.288172230124473572e-02,6.311330199241638184e-02,3.693943843245506287e-02,-1.281752139329910278e-01,1.070235893130302429e-01,8.691609650850296021e-02,3.947677835822105408e-02,3.295448049902915955e-02,-1.079914346337318420e-01,-2.560400869697332382e-03,-1.149518042802810669e-02,3.039411641657352448e-02,2.927149273455142975e-02,3.521672636270523071e-02,9.158003143966197968e-03,-4.618765786290168762e-02,6.249486003071069717e-03,-4.134233668446540833e-02,-1.318756304681301117e-02,-1.489284727722406387e-02,2.556059136986732483e-02,-2.803061157464981079e-02,-2.845829725265502930e-02,-1.179815735667943954e-02,1.013303744912263937e-06,-2.177901876621035626e-07,-6.270676851272583008e-02,1.411492656916379929e-02,3.524149581789970398e-02,-2.181098237633705139e-02,-2.797741035465151072e-04,9.629022097215056419e-04,-1.247897185385227203e-02,4.149419255554676056e-03,-1.094076782464981079e-02,1.272900309413671494e-02,-4.344229027628898621e-02,-2.502991817891597748e-02,3.234464675188064575e-03,4.169737454503774643e-03,-4.109305329620838165e-03,-4.723980964627116919e-04,-5.506559973582625389e-04,-1.187353977002203465e-03,1.460140570998191833e-02,-2.009489014744758606e-02,4.346693307161331177e-02,5.703834816813468933e-03,4.149066284298896790e-03,-3.979059401899576187e-04,-5.007723871131020132e-07,-2.505815288600388158e-08,1.661086105741560459e-03,-2.031819894909858704e-03,-1.431481912732124329e-02,-2.003819681704044342e-02,-5.066916346549987793e-02,6.609716266393661499e-02,-3.958779200911521912e-02,-2.510655298829078674e-02,1.613473705947399139e-02,-2.270778827369213104e-02,-8.832236379384994507e-02,-1.210051123052835464e-02,-3.725754469633102417e-02,9.592314250767230988e-03,-8.114981651306152344e-02,1.518633309751749039e-02
6.666666666666666297e-01,0.000000000000000000e+00,8.888888888888888395e-01,0.000000000000000000e+00,-1.104687992483377457e-02,2.329783164896070957e-04,-3.221901878714561462e-02,5.617887713015079498e-03,-4.085107892751693726e-02,-1.679363287985324860e-02,1.112598087638616562e-02,1.761929690837860107e-02,7.131205406039953232e-03,-3.496235609054565430e-02,-2.880679629743099213e-02,-7.918297778815031052e-04,-7.998401299118995667e-03,-2.840915322303771973e-02,7.729405164718627930e-02,5.731121078133583069e-02,-3.179135266691446304e-03,-2.354176528751850128e-02,6.836127489805221558e-02,6.032394245266914368e-02,-9.530150331556797028e-03,-2.134148780896794051e-05,2.947564609348773956e-02,-1.388952974230051041e-02,1.933893561363220215e-02,2.098348923027515411e-02,-1.654568563935754355e-06,4.596398639478138648e-07,7.175237685441970825e-02,-3.039665753021836281e-03,-1.274789217859506607e-02,3.986398689448833466e-03,9.697894565761089325e-03,4.751407355070114136e-02,2.300757542252540588e-02,-7.983312755823135376e-02,6.665895879268646240e-02,5.413519591093063354e-02,3.706813231110572815e-02,3.096453659236431122e-02,-7.354983687400817871e-02,-1.736720441840589046e-03,-1.079423353075981140e-02,2.854057401418685913e-02,3.308187052607536316e-02,3.979969769716262817e-02,6.340463180094957352e-03,-3.198083117604255676e-02,4.327403381466865540e-03,-2.862618491053581238e-02,-5.793095100671052933e-03,-6.541366223245859146e-03,1.660111732780933380e-02,-1.820294745266437531e-02,-1.848097890615463257e-02,-7.661937270313501358e-03,1.008731032925425097e-06,-4.499981116623530397e-07,-7.580308616161346436e-02,1.706250756978988647e-02,4.260196536779403687e-02,-2.636618912220001221e-02,1.271335594356060028e-02,-4.371659830212593079e-02,-1.460115611553192139e-02,4.854642786085605621e-03,-1.280096452683210373e-02,1.489312574267387390e-02,2.873623371124267578e-02,1.655745133757591248e-02,4.643625579774379730e-03,5.989128258079290390e-03,4.303726833313703537e-03,4.961693193763494492e-04,5.767103284597396851e-04,1.243461156263947487e-03,-9.658523835241794586e-03,1.329230237752199173e-02,-1.852633059024810791e-02,-2.431553322821855545e-03,-2.623286657035350800e-02,2.526199677959084511e-03,6.038627589077805169e-07,3.901950407225740491e-08,-1.050812192261219025e-02,1.285181194543838501e-02,7.438695989549160004e-03,1.041354332119226456e-02,6.557216867804527283e-03,-8.553802035748958588e-03,2.057359553873538971e-02,1.304734870791435242e-02,2.266540192067623138e-02,-3.189060091972351074e-02,-2.704080753028392792e-02,-3.704942762851715088e-03,8.867725264281034470e-04,-2.270391705678775907e-04,1.932838116772472858e-03,-3.617043257690966129e-04
7.777777777777776791e-01,0.000000000000000000e+00,7.777777777777776791e-01,0.000000000000000000e+00,-1.526054833084344864e-02,3.218145575374364853e-04,-4.649191722273826599e-02,8.106576278805732727e-03,-6.176352500915527344e-02,-2.539057098329067230e-02,1.605474762618541718e-02,2.542467974126338959e-02,1.129084452986717224e-02,-5.535581707954406738e-02,-4.396416991949081421e-02,-1.208474859595298767e-03,-1.220689341425895691e-02,-4.335715249180793762e-02,1.292819827795028687e-01,9.585872292518615723e-02,-5.317529663443565369e-03,-3.937600180506706238e-02,1.245961263775825500e-01,1.099472790956497192e-01,-1.618377119302749634e-02,-3.630918581620790064e-05,5.005437880754470825e-02,-2.358664572238922119e-02,3.894662484526634216e-02,4.225899279117584229e-02,-3.325694706290960312e-06,7.811035516169795301e-07,1.369629353284835815e-01,-5.802392959594726562e-03,-2.433366328477859497e-02,7.609159685671329498e-03,1.990172639489173889e-02,9.750647842884063721e-02,4.883654788136482239e-02,-1.694558262825012207e-01,1.414918303489685059e-01,1.149089187383651733e-01,7.385058701038360596e-02,6.166116893291473389e-02,-1.866958290338516235e-01,-4.422193393111228943e-03,-2.150448597967624664e-02,5.685967206954956055e-02,7.826178520917892456e-02,9.415663033723831177e-02,1.845472864806652069e-02,-9.308600425720214844e-02,1.259539090096950531e-02,-8.332076668739318848e-02,-3.640427067875862122e-02,-4.111032560467720032e-02,6.030089408159255981e-02,-6.612504273653030396e-02,-6.713438034057617188e-02,-2.783263474702835083e-02,4.946415629092371091e-06,-1.554342816234566271e-06,-2.097807079553604126e-01,4.721953719854354858e-02,1.178981736302375793e-01,-7.296671718358993530e-02,4.805527254939079285e-02,-1.652491092681884766e-01,-6.157148256897926331e-02,2.047143690288066864e-02,-5.398090556263923645e-02,6.280370056629180908e-02,1.417605280876159668e-01,8.167680352926254272e-02,-3.882900252938270569e-02,-5.006986483931541443e-02,-2.880622260272502899e-02,-3.308498300611972809e-03,-3.861392615363001823e-03,-8.321628905832767487e-03,-4.764700680971145630e-02,6.557255983352661133e-02,-2.923236973583698273e-02,-3.834201255813241005e-03,5.241360887885093689e-02,-5.052441731095314026e-03,-1.851569493283022894e-07,3.142041862247424433e-07,2.099620364606380463e-02,-2.567950449883937836e-02,4.883494228124618530e-03,6.835634820163249969e-03,2.239150227978825569e-03,-2.920741448178887367e-03,1.350466720759868622e-02,8.564909920096397400e-03,-2.436985075473785400e-02,3.428746014833450317e-02,-7.186243310570716858e-03,-9.855777025222778320e-04,-4.881270695477724075e-03,1.253988943062722683e-03,-1.063328981399536133e-02,1.988805830478668213e-03
7.777777777777776791e-01,0.000000000000000000e+00,8.888888888888888395e-01,0.000000000000000000e+00,-7.693815510720014572e-03,1.622519921511411667e-04,-2.370029129087924957e-02,4.132520873099565506e-03,-3.183108568191528320e-02,-1.308556832373142242e-02,8.184283040463924408e-03,1.296077668666839600e-02,5.935544613748788834e-03,-2.910039760172367096e-02,-2.270244620740413666e-02,-6.240019574761390686e-04,-6.303458474576473236e-03,-2.238894812762737274e-02,6.873809546232223511e-02,5.096727609634399414e-02,-2.827256917953491211e-03,-2.093590237200260162e-02,6.813257187604904175e-02,6.012220308184623718e-02,-8.901702240109443665e-03,-1.995033380808308721e-05,2.753175795078277588e-02,-1.297352556139230728e-02,2.131109498441219330e-02,2.312364056706428528e-02,-1.883693926174601074e-06,4.537457130027178209e-07,7.594147324562072754e-02,-3.217309946194291115e-03,-1.349236257374286652e-02,4.218973685055971146e-03,1.205666083842515945e-02,5.907037481665611267e-02,2.790460363030433655e-02,-9.682472050189971924e-02,8.084642142057418823e-02,6.565740704536437988e-02,4.758941009640693665e-02,3.974099084734916687e-02,-1.117977052927017212e-01,-2.645757747814059258e-03,-1.385764963924884796e-02,3.664082288742065430e-02,5.301335081458091736e-02,6.377968937158584595e-02,1.125831529498100281e-02,-5.678921937942504883e-02,7.684124168008565903e-03,-5.083173513412475586e-02,-2.190358936786651611e-02,-2.473454363644123077e-02,3.705500811338424683e-02,-4.063297435641288757e-02,-4.125314578413963318e-02,-1.710270531475543976e-02,3.224813326596631669e-06,-1.193854927805659827e-06,-1.445450037717819214e-01,3.253560513257980347e-02,8.123542368412017822e-02,-5.027628317475318909e-02,3.893009945750236511e-02,-1.338710039854049683e-01,-4.274573549628257751e-02,1.421207282692193985e-02,-3.747580572962760925e-02,4.360103607177734375e-02,1.401567906141281128e-01,8.075299859046936035e-02,-2.917903661727905273e-02,-3.762523457407951355e-02,-1.740425266325473785e-02,-1.998168183490633965e-03,-2.333184704184532166e-03,-5.027729552239179611e-03,-4.710788279771804810e-02,6.483098864555358887e-02,-5.999087914824485779e-02,-7.871120236814022064e-03,2.754055894911289215e-02,-2.657003235071897507e-03,4.155296835506305797e-07,3.125275611637334805e-07,1.103323139250278473e-02,-1.349416095763444901e-02,1.699325256049633026e-02,2.378733269870281219e-02,5.165515840053558350e-02,-6.738396733999252319e-02,4.699466750025749207e-02,2.980388700962066650e-02,-2.646325528621673584e-02,3.723987564444541931e-02,8.572012186050415039e-02,1.174363866448402405e-02,3.531403467059135437e-02,-9.092980995774269104e-03,7.691600173711776733e-02,-1.439395826309919357e-02
8.888888888888888395e-01,0.000000000000000000e+00,8.888888888888888395e-01,0.000000000000000000e+00,-3.974320832639932632e-03,8.381240331800654531e-05,-1.274882722645998001e-02,2.222964307293295860e-03,-1.784049347043037415e-02,-7.334148976951837540e-03,4.402549937367439270e-03,6.971873808652162552e-03,3.503860905766487122e-03,-1.717857457697391510e-02,-1.282409019768238068e-02,-3.525054198689758778e-04,-3.560646669939160347e-03,-1.264698803424835205e-02,4.238264262676239014e-02,3.142547607421875000e-02,-1.743255532346665859e-03,-1.290884986519813538e-02,4.544786736369132996e-02,4.010454192757606506e-02,-5.785562098026275635e-03,-1.299771156482165679e-05,1.789394766092300415e-02,-8.432047441601753235e-03,1.487298682332038879e-02,1.613807864487171173e-02,-1.460237399442121387e-06,2.602357085379480850e-07,5.266764387488365173e-02,-2.231464721262454987e-03,-9.357556700706481934e-03,2.925902837887406349e-03,9.621635079383850098e-03,4.714021086692810059e-02,2.101609483361244202e-02,-7.292243093252182007e-02,6.088837236166000366e-02,4.944907873868942261e-02,4.036575928330421448e-02,3.370893746614456177e-02,-9.496451914310455322e-02,-2.247336320579051971e-03,-1.175408810377120972e-02,3.107919357717037201e-02,5.042148381471633911e-02,6.066131964325904846e-02,1.017655804753303528e-02,-5.133477225899696350e-02,6.946064066141843796e-03,-4.594936221837997437e-02,-2.272328361868858337e-02,-2.565992996096611023e-02,3.568532690405845642e-02,-3.913077339529991150e-02,-3.972784057259559631e-02,-1.647010818123817444e-02,3.521417738738819025e-06,-1.431122541362128686e-06,-1.463088542222976685e-01,3.293263539671897888e-02,8.222687989473342896e-02,-5.088993534445762634e-02,4.840268567204475403e-02,-1.664471030235290527e-01,-4.765844717621803284e-02,1.584542728960514069e-02,-4.178259894251823425e-02,4.861187934875488281e-02,2.054370343685150146e-01,1.183646917343139648e-01,-4.366938024759292603e-02,-5.631013587117195129e-02,-2.330403588712215424e-02,-2.675947733223438263e-03,-3.124080598354339600e-03,-6.732238456606864929e-03,-6.904895603656768799e-02,9.502717107534408569e-02,-1.061326935887336731e-01,-1.392556354403495789e-02,4.555149748921394348e-02,-4.394314717501401901e-03,5.041761710344871972e-07,5.948217562945501413e-07,1.824904233217239380e-02,-2.231917530298233032e-02,3.098419122397899628e-02,4.337159171700477600e-02,1.172675341367721558e-01,-1.529752910137176514e-01,8.568566292524337769e-02,5.434158071875572205e-02,-6.243814155459403992e-02,8.786606788635253906e-02,2.367093712091445923e-01,3.243061900138854980e-02,8.868459612131118774e-02,-2.283398434519767761e-02,1.931604146957397461e-01,-3.614677861332893372e-02
